Cowc_CAOG_02298|Histone_H2B	Cowc_CAOG_02298|Histone_H2B	H2B	FALSE	AGKAA AKAAS GADKD K	Ubi	K	14				91.66	[R].AGKAAAKAASGADKDK.[K]	[13-28]
Cowc_CAOG_02298|Histone_H2B	Cowc_CAOG_02298|Histone_H2B	H2B	FALSE	AGKAA AKAAS GADKD KK	Ubi	K	14				90.16	[R].AGKAAAKAASGADKDKK.[K]	[13-29]
Cowc_CAOG_02298|Histone_H2B	Cowc_CAOG_02298|Histone_H2B	H2B	FALSE	AAAKA ASGAD KDKKK	Ubi	K	11				98.57	[K].AAAKAASGADKDKKK.[K]	[16-30]
Cowc_CAOG_02298|Histone_H2B	Cowc_CAOG_02298|Histone_H2B	H2B	FALSE	AAAKA ASGAD KDKK	Ubi	K	13				49.33	[K].AAAKAASGADKDKK.[K]	[16-29]
Cowc_CAOG_02298|Histone_H2B	Cowc_CAOG_02298|Histone_H2B	H2B	FALSE	AAAKA ASGAD KDKKK	Ubi	K	14				80.31	[K].AAAKAASGADKDKKK.[K]	[16-30]
Cowc_CAOG_02298|Histone_H2B	Cowc_CAOG_02298|Histone_H2B	H2B	FALSE	AAAKA ASGAD KDKK	Ubi	K	14				49.33	[K].AAAKAASGADKDKK.[K]	[16-29]
Cowc_CAOG_02298|Histone_H2B	Cowc_CAOG_02298|Histone_H2B	H2B	FALSE	EIQTA VRLLL PGELA KHAVS EGTKA VTKYT SGAK	Ubi	K	16				81.44	[R].EIQTAVRLLLPGELAKHAVSEGTKAVTKYTSGAK.[L-]	[94-127]
Crei_XP_001693722|Histone_H2B	Crei_XP_001693722|Histone_H2B	H2B	FALSE	KDEKP ATRAA TQEAG AEATA K	Ubi	K	21				100	[K].KDEKPATRAATQEAGAEATAK.[A]	[5-25]
Clim_g1810|Histone_H2B	Clim_g1810|Histone_H2B	H2B	FALSE	LAKYN KKSTI TSR	Ubi	K	6				50	[R].LAKYNKKSTITSR.[E]	[76-88]
Clim_g1810|Histone_H2B	Clim_g1810|Histone_H2B	H2B	FALSE	LAKYN KKSTI TSR	Ubi	K	7				49.99	[R].LAKYNKKSTITSR.[E]	[76-88]
Cfra_4822T1|Histone_H2B	Cfra_4822T1|Histone_H2B	H2B	FALSE	VAGEA SKLSM YNKKS TISSR	Ubi	K	7				100	[R].VAGEASKLSMYNKKSTISSR.[E]	[71-90];
Cfra_4822T1|Histone_H2B	Cfra_4822T1|Histone_H2B	H2B	FALSE	VAGEA SKLSM YNKKS TISSR	Ubi	K	13				92.7	[R].VAGEASKLSMYNKKSTISSR.[E]	[71-90];
Cfra_4822T1|Histone_H2B	Cfra_4822T1|Histone_H2B	H2B	FALSE	VAGEA SKLSM YNKKS TISSR	Ubi	K	13				93.84	[R].VAGEASKLSMYNKKSTISSR.[E]	[71-90];
Ddis_XP_637684|Histone_H2B	Ddis_XP_637684|Histone_H2B	H2B	FALSE	GSTQS GEEKT ASTTP KVTKT PTEGG EKKR	Ubi	K	16				98.91	[K].GSTQSGEEKTASTTPKVTKTPTEGGEKKR.[K]	[13-41]
Ngru_XP_002677696|Histone_H2B	Ngru_XP_002677696|Histone_H2B	H2B	FALSE	ASGDG EEGEK DDKKK KSR	Ubi	K	10				100	[K].ASGDGEEGEKDDKKKKSR.[H]	[30-47];
Scil_95679|Histone_H2B	Scil_95679|Histone_H2B	H2B	FALSE	GGKSA VSGKA TKKAV TDGGD KKR	Ubi	K	9				90.42	[K].GGKSAVSGKATKKAVTDGGDKKR.[R]	[9-31]
Scil_95679|Histone_H2B	Scil_95679|Histone_H2B	H2B	FALSE	GGKSA VSGKA TKKAV TDGGD KKR	Ubi	K	12				87.34	[K].GGKSAVSGKATKKAVTDGGDKKR.[R]	[9-31]
Scil_95679|Histone_H2B	Scil_95679|Histone_H2B	H2B	FALSE	SAVSG KATKK AVTDG GDKKR	Ubi	K	6				100	[K].SAVSGKATKKAVTDGGDKKR.[R]	[12-31]
Scil_95679|Histone_H2B	Scil_95679|Histone_H2B	H2B	FALSE	LAHYN KKSTI TSR	Ubi	K	6				50	[R].LAHYNKKSTITSR.[E]	[83-95]
Scil_95679|Histone_H2B	Scil_95679|Histone_H2B	H2B	FALSE	LAHYN KKSTI TSR	Ubi	K	7				50	[R].LAHYNKKSTITSR.[E]	[83-95]
Scil_95679|Histone_H2B	Scil_95679|Histone_H2B	H2B	FALSE	LLLPG ELAKH AVSEG TKAVT KYTSS K	Ubi	K	21				100	[R].LLLPGELAKHAVSEGTKAVTKYTSSK.[-]	[103-128]
Tpse_XP_002288195|Histone_H2B	Tpse_XP_002288195|Histone_H2B	H2B	FALSE	IAGEA GKLST YNKKA TLSSR	Ubi	K	7				100	[R].IAGEAGKLSTYNKKATLSSR.[E]	[69-88];
Tpse_XP_002288195|Histone_H2B	Tpse_XP_002288195|Histone_H2B	H2B	FALSE	IAGEA GKLST YNKKA TLSSR	Ubi	K	13				50	[R].IAGEAGKLSTYNKKATLSSR.[E]	[69-88];
Tpse_XP_002288195|Histone_H2B	Tpse_XP_002288195|Histone_H2B	H2B	FALSE	IAGEA GKLST YNKKA TLSSR	Ubi	K	13				99.99	[R].IAGEAGKLSTYNKKATLSSR.[E]	[69-88];
Tpse_XP_002288195|Histone_H2B	Tpse_XP_002288195|Histone_H2B	H2B	FALSE	IAGEA GKLST YNKKA TLSSR	Ubi	K	14				50	[R].IAGEAGKLSTYNKKATLSSR.[E]	[69-88];
Ttra_AMSG_11976|Histone_H2B	Ttra_AMSG_11976|Histone_H2B	H2B	FALSE	AIQRD NTMVD TVKAS KGFLK DNKSR	Ubi	K	13				100	[M].AIQRDNTMVDTVKASKGFLKDNKSR.[G]	[2-26]
Ttra_AMSG_11976|Histone_H2B	Ttra_AMSG_11976|Histone_H2B	H2B	FALSE	RKPTQ SYSSY IYKVL KQVHP DTGMS R	Ubi	K	2				100	[R].RKPTQSYSSYIYKVLKQVHPDTGMSR.[R]	[37-62]
Ttra_AMSG_11976|Histone_H2B	Ttra_AMSG_11976|Histone_H2B	H2B	FALSE	KPTQS YSSYI YKVLK QVHPD TGMSR	Ubi	K	12				50	[R].KPTQSYSSYIYKVLKQVHPDTGMSR.[R]	[38-62]
Ttra_AMSG_11976|Histone_H2B	Ttra_AMSG_11976|Histone_H2B	H2B	FALSE	KPTQS YSSYI YKVLK QVHPD TGMSR	Ubi	K	15				50	[R].KPTQSYSSYIYKVLKQVHPDTGMSR.[R]	[38-62]
