Protein_ID	Histone_Type	Peptide_Sequence	Peptide_position	Residue	Position_in_peptide	Modification	Positions_in_protein	ptmRS_Best_Site_Probabilities	Clean_peptide
Spun_SPPG_02344|Histone_H2A	H2A	[-].MAGGKGKSGAEKVAAKTNSKSR.[S]	[1-22]	K	5	Me1	NA	100	MAGGK GKSGA EKVAA KTNSK SR
Spun_SPPG_02344|Histone_H2A	H2A	[M].AGGKGKSGAEKVAAKTNSKSR.[S]	[2-22]	K	4	Ace	NA	100	AGGKG KSGAE KVAAK TNSKS R
Spun_SPPG_02344|Histone_H2A	H2A	[M].AGGKGKSGAEKVAAKTNSKSR.[S]	[2-22]	K	4	Ace	NA	100	AGGKG KSGAE KVAAK TNSKS R
Spun_SPPG_02344|Histone_H2A	H2A	[M].AGGKGKSGAEKVAAKTNSKSR.[S]	[2-22]	K	6	Ace	NA	100	AGGKG KSGAE KVAAK TNSKS R
Spun_SPPG_02344|Histone_H2A	H2A	[M].AGGKGKSGAEKVAAKTNSKSR.[S]	[2-22]	K	6	Ace	NA	100	AGGKG KSGAE KVAAK TNSKS R
Spun_SPPG_02344|Histone_H2A	H2A	[M].AGGKGKSGAEKVAAKTNSKSR.[S]	[2-22]	K	6	Me1	NA	90.59	AGGKG KSGAE KVAAK TNSKS R
Spun_SPPG_02344|Histone_H2A	H2A	[M].AGGKGKSGAEKVAAKTNSKSR.[S]	[2-22]	K	6	Ubi	NA	92.62	AGGKG KSGAE KVAAK TNSKS R
Spun_SPPG_02344|Histone_H2A	H2A	[M].AGGKGKSGAEKVAAKTNSKSR.[S]	[2-22]	S	7	Pho	NA	100	AGGKG KSGAE KVAAK TNSKS R
Spun_SPPG_02344|Histone_H2A	H2A	[M].AGGKGKSGAEK.[V]	[2-12]	K	11	Me2	NA	99.99	AGGKG KSGAE K
Spun_SPPG_02344|Histone_H2A	H2A	[M].AGGKGKSGAEKVAAKTNSKSR.[S]	[2-22]	K	19	Ubi	NA	99.39	AGGKG KSGAE KVAAK TNSKS R
Spun_SPPG_02344|Histone_H2A	H2A	[K].GKSGAEKVAAKTNSKSR.[S]	[6-22]	K	15	Ubi	NA	99.04	GKSGA EKVAA KTNSK SR
Spun_SPPG_01096|Histone_H2A	H2A	[-].MAGGKGKAGAEKAPKGGKSR.[S]	[1-20]	K	5	Me1	NA	100	MAGGK GKAGA EKAPK GGKSR
Spun_SPPG_01096|Histone_H2A	H2A	[M].AGGKGKAGAEKAPKGGKSR.[S]	[2-20]	K	4	Ace	NA	100	AGGKG KAGAE KAPKG GKSR
Spun_SPPG_01096|Histone_H2A	H2A	[M].AGGKGKAGAEKAPKGGKSR.[S]	[2-20]	K	4	Ace	NA	100	AGGKG KAGAE KAPKG GKSR
Spun_SPPG_01096|Histone_H2A	H2A	[M].AGGKGKAGAEKAPKGGKSR.[S]	[2-20]	K	4	Me1	NA	99.99	AGGKG KAGAE KAPKG GKSR
Spun_SPPG_01096|Histone_H2A	H2A	[M].AGGKGKAGAEKAPKGGKSR.[S]	[2-20]	K	6	Ace	NA	100	AGGKG KAGAE KAPKG GKSR
Spun_SPPG_01096|Histone_H2A	H2A	[M].AGGKGKAGAEKAPKGGKSR.[S]	[2-20]	K	6	Ace	NA	91.54	AGGKG KAGAE KAPKG GKSR
Spun_SPPG_01096|Histone_H2A	H2A	[M].AGGKGKAGAEKAPKGGKSR.[S]	[2-20]	K	17	Ubi	NA	99.18	AGGKG KAGAE KAPKG GKSR
Spun_SPPG_01096|Histone_H2A	H2A	[K].GKAGAEKAPKGGKSR.[S]	[6-20]	K	10	Me1	NA	100	GKAGA EKAPK GGKSR
Spun_SPPG_01096|Histone_H2A	H2A	[K].GKAGAEKAPKGGKSR.[S]	[6-20]	K	13	Ace	NA	100	GKAGA EKAPK GGKSR
Spun_SPPG_08010|Histone_H2B	H2B	[K].KPAGKAPAGKAPAGEKKDKSK.[R]	[15-35]	K	1	Me3	NA	95.34	KPAGK APAGK APAGE KKDKS K
Spun_SPPG_08010|Histone_H2B	H2B	[K].KPAGKAPAGKAPAGEKKDKSK.[R]	[15-35]	K	5	Me3	NA	92.59	KPAGK APAGK APAGE KKDKS K
Spun_SPPG_08010|Histone_H2B	H2B	[K].KPAGKAPAGKAPAGEKKDKSK.[R]	[15-35]	K	10	Me1	NA	75.56	KPAGK APAGK APAGE KKDKS K
Spun_SPPG_08010|Histone_H2B	H2B	[K].KPAGKAPAGKAPAGEKKDKSK.[R]	[15-35]	K	16	Me3	NA	53.87	KPAGK APAGK APAGE KKDKS K
Spun_SPPG_08010|Histone_H2B	H2B	[K].KPAGKAPAGKAPAGEKKDKSK.[R]	[15-35]	K	16	NA	NA	34.94	KPAGK APAGK APAGE KKDKS K
Spun_SPPG_08010|Histone_H2B	H2B	[K].KPAGKAPAGKAPAGEKKDKSK.[R]	[15-35]	K	17	Me3	NA	53.87	KPAGK APAGK APAGE KKDKS K
Spun_SPPG_08010|Histone_H2B	H2B	[K].KPAGKAPAGKAPAGEKKDKSK.[R]	[15-35]	K	17	NA	NA	34.94	KPAGK APAGK APAGE KKDKS K
Spun_SPPG_08010|Histone_H2B	H2B	[K].KPAGKAPAGKAPAGEKKDKSK.[R]	[15-35]	K	19	Me3	NA	85.04	KPAGK APAGK APAGE KKDKS K
Spun_SPPG_08010|Histone_H2B	H2B	[K].KPAGKAPAGKAPAGEKKDKSK.[R]	[15-35]	K	21	Me3	NA	83.23	KPAGK APAGK APAGE KKDKS K
Spun_SPPG_02345|Histone_H2B	H2B	[K].APAKPATEKKEKSKR.[K]	[22-36]	K	9	Ace	NA	88.76	APAKP ATEKK EKSKR
Spun_SPPG_02345|Histone_H2B	H2B	[K].APAKPATEKKEKSKR.[K]	[22-36]	K	10	Me1	NA	92.33	APAKP ATEKK EKSKR
Spun_SPPG_08644|Histone_H3	H3	[R].KSAPATGGVKKPHR.[Y]	[28-41]	K	1	Ace	NA	100	KSAPA TGGVK KPHR
Spun_SPPG_08644|Histone_H3	H3	[R].KSAPATGGVKKPHR.[Y]	[28-41]	K	1	Me2	NA	100	KSAPA TGGVK KPHR
Spun_SPPG_08644|Histone_H3	H3	[R].KSAPATGGVKKPHR.[Y]	[28-41]	K	1	Me2	NA	100	KSAPA TGGVK KPHR
Spun_SPPG_08644|Histone_H3	H3	[R].KSAPATGGVKKPHR.[Y]	[28-41]	K	1	Me3	NA	100	KSAPA TGGVK KPHR
Spun_SPPG_08644|Histone_H3	H3	[R].KSAPATGGVKKPHR.[Y]	[28-41]	K	1	Me3	NA	100	KSAPA TGGVK KPHR
Spun_SPPG_08644|Histone_H3	H3	[R].KSAPATGGVKKPHR.[Y]	[28-41]	K	1	Me3	NA	100	KSAPA TGGVK KPHR
Spun_SPPG_08644|Histone_H3	H3	[R].KSAPATGGVKKPHR.[Y]	[28-41]	K	10	Me1	NA	94.25	KSAPA TGGVK KPHR
Spun_SPPG_08644|Histone_H3	H3	[R].KSAPATGGVKKPHR.[Y]	[28-41]	K	10	Me1	NA	99.51	KSAPA TGGVK KPHR
Spun_SPPG_08644|Histone_H3	H3	[R].KSAPATGGVKKPHR.[Y]	[28-41]	K	10	Me1	NA	50	KSAPA TGGVK KPHR
Spun_SPPG_08644|Histone_H3	H3	[R].KSAPATGGVKKPHR.[Y]	[28-41]	K	10	Me1	NA	99.48	KSAPA TGGVK KPHR
Spun_SPPG_08644|Histone_H3	H3	[R].KSAPATGGVKKPHR.[Y]	[28-41]	K	11	Ace	NA	94.25	KSAPA TGGVK KPHR
Spun_SPPG_08644|Histone_H3	H3	[R].KSAPATGGVKKPHR.[Y]	[28-41]	K	11	Me1	NA	50	KSAPA TGGVK KPHR
Spun_SPPG_08644|Histone_H3	H3	[K].SAPATGGVKKPHR.[Y]	[29-41]	K	9	Ace	NA	50	SAPAT GGVKK PHR
Spun_SPPG_08644|Histone_H3	H3	[K].SAPATGGVKKPHR.[Y]	[29-41]	K	9	Me1	NA	95.46	SAPAT GGVKK PHR
Spun_SPPG_08644|Histone_H3	H3	[K].SAPATGGVKKPHR.[Y]	[29-41]	K	9	Me1	NA	99.59	SAPAT GGVKK PHR
Spun_SPPG_08644|Histone_H3	H3	[K].SAPATGGVKKPHR.[Y]	[29-41]	K	9	Me1	NA	50	SAPAT GGVKK PHR
Spun_SPPG_08644|Histone_H3	H3	[K].SAPATGGVKKPHR.[Y]	[29-41]	K	10	Ace	NA	50	SAPAT GGVKK PHR
Spun_SPPG_08644|Histone_H3	H3	[K].SAPATGGVKKPHR.[Y]	[29-41]	K	10	Me1	NA	50	SAPAT GGVKK PHR
Spun_SPPG_08577|Histone_H3	H3	[R].KSTGGKAPR.[K]	[10-18];	K	1	Ace	NA	50.01	KSTGG KAPR
Spun_SPPG_08577|Histone_H3	H3	[R].KSTGGKAPR.[K]	[10-18];	K	1	Ace	NA	100	KSTGG KAPR
Spun_SPPG_08577|Histone_H3	H3	[R].KSTGGKAPR.[K]	[10-18];	K	1	Me1	NA	100	KSTGG KAPR
Spun_SPPG_08577|Histone_H3	H3	[R].KSTGGKAPR.[K]	[10-18];	K	1	Me1	NA	100	KSTGG KAPR
Spun_SPPG_08577|Histone_H3	H3	[R].KSTGGKAPR.[K]	[10-18];	K	1	Me3	NA	100	KSTGG KAPR
Spun_SPPG_08577|Histone_H3	H3	[R].KSTGGKAPR.[K]	[10-18];	K	1	Me3	NA	49.99	KSTGG KAPR
Spun_SPPG_08577|Histone_H3	H3	[R].KSTGGKAPR.[K]	[10-18];	K	6	Ace	NA	100	KSTGG KAPR
Spun_SPPG_08577|Histone_H3	H3	[R].KSTGGKAPR.[K]	[10-18];	K	6	Ace	NA	49.99	KSTGG KAPR
Spun_SPPG_08577|Histone_H3	H3	[R].KSTGGKAPR.[K]	[10-18];	K	6	Ace	NA	100	KSTGG KAPR
Spun_SPPG_08577|Histone_H3	H3	[R].KSTGGKAPR.[K]	[10-18];	K	6	Ace	NA	100	KSTGG KAPR
Spun_SPPG_08577|Histone_H3	H3	[R].KSTGGKAPR.[K]	[10-18];	K	6	Me3	NA	49.99	KSTGG KAPR
Spun_SPPG_08577|Histone_H3	H3	[K].STGGKAPR.[K]	[11-18];	K	5	Me3	NA	99.93	STGGK APR
Spun_SPPG_08577|Histone_H3	H3	[R].KQLATKAAR.[K]	[19-27];	K	1	Ace	NA	100	KQLAT KAAR
Spun_SPPG_08577|Histone_H3	H3	[R].KQLATKAAR.[K]	[19-27];	K	6	Ace	NA	100	KQLAT KAAR
Spun_SPPG_08577|Histone_H3	H3	[R].KQLATKAAR.[K]	[19-27];	K	6	Ace	NA	100	KQLAT KAAR
Spun_SPPG_08577|Histone_H3	H3	[R].KQLATKAAR.[K]	[19-27];	K	6	Ace	NA	100	KQLAT KAAR
Spun_SPPG_08577|Histone_H3	H3	[K].QLATKAAR.[K]	[20-27];	K	5	Ace	NA	100	QLATK AAR
Spun_SPPG_08577|Histone_H3	H3	[R].KSAPSTGGVKKPHR.[Y]	[28-41]	K	1	Ace	NA	100	KSAPS TGGVK KPHR
Spun_SPPG_08577|Histone_H3	H3	[R].KSAPSTGGVKKPHR.[Y]	[28-41]	K	1	Me2	NA	100	KSAPS TGGVK KPHR
Spun_SPPG_08577|Histone_H3	H3	[R].KSAPSTGGVKKPHR.[Y]	[28-41]	K	1	Me3	NA	100	KSAPS TGGVK KPHR
Spun_SPPG_08577|Histone_H3	H3	[R].KSAPSTGGVKKPHR.[Y]	[28-41]	K	1	Me3	NA	100	KSAPS TGGVK KPHR
Spun_SPPG_08577|Histone_H3	H3	[R].KSAPSTGGVKKPHR.[Y]	[28-41]	K	10	Me1	NA	94.28	KSAPS TGGVK KPHR
Spun_SPPG_08577|Histone_H3	H3	[R].KSAPSTGGVKKPHR.[Y]	[28-41]	K	10	Me1	NA	99.49	KSAPS TGGVK KPHR
Spun_SPPG_08577|Histone_H3	H3	[R].KSAPSTGGVKKPHR.[Y]	[28-41]	K	10	Me1	NA	95.08	KSAPS TGGVK KPHR
Spun_SPPG_08577|Histone_H3	H3	[R].KSAPSTGGVKKPHR.[Y]	[28-41]	K	10	Me1	NA	50	KSAPS TGGVK KPHR
Spun_SPPG_08577|Histone_H3	H3	[R].KSAPSTGGVKKPHR.[Y]	[28-41]	K	11	Ace	NA	94.28	KSAPS TGGVK KPHR
Spun_SPPG_08577|Histone_H3	H3	[R].KSAPSTGGVKKPHR.[Y]	[28-41]	K	11	Ace	NA	95.08	KSAPS TGGVK KPHR
Spun_SPPG_08577|Histone_H3	H3	[R].KSAPSTGGVKKPHR.[Y]	[28-41]	K	11	Me1	NA	50	KSAPS TGGVK KPHR
Spun_SPPG_08577|Histone_H3	H3	[K].SAPSTGGVKKPHR.[Y]	[29-41]	K	9	Ace	NA	95.46	SAPST GGVKK PHR
Spun_SPPG_08577|Histone_H3	H3	[K].SAPSTGGVKKPHR.[Y]	[29-41]	K	9	Ace	NA	94.39	SAPST GGVKK PHR
Spun_SPPG_08577|Histone_H3	H3	[K].SAPSTGGVKKPHR.[Y]	[29-41]	K	9	Me1	NA	50	SAPST GGVKK PHR
Spun_SPPG_08577|Histone_H3	H3	[K].SAPSTGGVKKPHR.[Y]	[29-41]	K	9	Me1	NA	99.63	SAPST GGVKK PHR
Spun_SPPG_08577|Histone_H3	H3	[K].SAPSTGGVKKPHR.[Y]	[29-41]	K	9	Me2	NA	99.63	SAPST GGVKK PHR
Spun_SPPG_08577|Histone_H3	H3	[K].SAPSTGGVKKPHR.[Y]	[29-41]	K	10	Me1	NA	50	SAPST GGVKK PHR
Spun_SPPG_08577|Histone_H3	H3	[K].SAPSTGGVKKPHR.[Y]	[29-41]	K	10	Me1	NA	95.46	SAPST GGVKK PHR
Spun_SPPG_08577|Histone_H3	H3	[K].SAPSTGGVKKPHR.[Y]	[29-41]	K	10	Me1	NA	94.39	SAPST GGVKK PHR
Spun_SPPG_08577|Histone_H3	H3	[R].RYQKSTELLIR.[K]	[54-64];	K	4	Ace	NA	100	RYQKS TELLI R
Spun_SPPG_08577|Histone_H3	H3	[RK].YQKSTELLIR.[K]	[55-64];	K	3	Ace	NA	100	YQKST ELLIR
Spun_SPPG_08577|Histone_H3	H3	[R].EIAQDFKTDLR.[F]	[74-84];	K	7	Me1	NA	100	EIAQD FKTDL R
Spun_SPPG_08577|Histone_H3	H3	[R].EIAQDFKTDLR.[F]	[74-84];	K	7	Me1	NA	100	EIAQD FKTDL R
Spun_SPPG_08577|Histone_H3	H3	[R].EIAQDFKTDLR.[F]	[74-84];	K	7	Me2	NA	100	EIAQD FKTDL R
Spun_SPPG_00398|Histone_H3	H3	[K].GKLAKKSSSR.[T]	[25-34]	K	2	Me3	NA	29.1	GKLAK KSSSR
Spun_SPPG_00398|Histone_H3	H3	[K].GKLAKKSSSR.[T]	[25-34]	K	2	NA	NA	41.62	GKLAK KSSSR
Spun_SPPG_00398|Histone_H3	H3	[K].GKLAKKSSSR.[T]	[25-34]	K	5	Me3	NA	64.98	GKLAK KSSSR
Spun_SPPG_00398|Histone_H3	H3	[K].GKLAKKSSSR.[T]	[25-34]	K	5	NA	NA	91.35	GKLAK KSSSR
Spun_SPPG_00398|Histone_H3	H3	[K].GKLAKKSSSR.[T]	[25-34]	K	6	Me3	NA	47.2	GKLAK KSSSR
Spun_SPPG_00398|Histone_H3	H3	[K].GKLAKKSSSR.[T]	[25-34]	K	6	NA	NA	73.57	GKLAK KSSSR
Spun_SPPG_00398|Histone_H3	H3	[R].KYQKSTELLLR.[K]	[58-68]	K	1	Ace	NA	100	KYQKS TELLL R
Spun_SPPG_00398|Histone_H3	H3	[R].KYQKSTELLLR.[K]	[58-68]	K	4	Ace	NA	100	KYQKS TELLL R
Spun_SPPG_04875|Histone_H4	H4	[M].SGRGKGGKGLGKGGAKR.[H]	[2-18]	K	5	Ace	NA	99.18	SGRGK GGKGL GKGGA KR
Spun_SPPG_04875|Histone_H4	H4	[M].SGRGKGGKGLGKGGAKR.[H]	[2-18]	K	5	Me1	NA	99.91	SGRGK GGKGL GKGGA KR
Spun_SPPG_04875|Histone_H4	H4	[M].SGRGKGGKGLGKGGAKR.[H]	[2-18]	K	12	Ace	NA	100	SGRGK GGKGL GKGGA KR
Spun_SPPG_04875|Histone_H4	H4	[M].SGRGKGGKGLGKGGAKR.[H]	[2-18]	K	16	Ace	NA	100	SGRGK GGKGL GKGGA KR
Spun_SPPG_04875|Histone_H4	H4	[R].GKGGKGLGKGGAKR.[H]	[5-18]	K	2	Ace	NA	100	GKGGK GLGKG GAKR
Spun_SPPG_04875|Histone_H4	H4	[R].GKGGKGLGKGGAKR.[H]	[5-18]	K	2	Ace	NA	100	GKGGK GLGKG GAKR
Spun_SPPG_04875|Histone_H4	H4	[R].GKGGKGLGKGGAKR.[H]	[5-18]	K	2	Me3	NA	100	GKGGK GLGKG GAKR
Spun_SPPG_04875|Histone_H4	H4	[R].GKGGKGLGKGGAKR.[H]	[5-18]	K	5	Ace	NA	100	GKGGK GLGKG GAKR
Spun_SPPG_04875|Histone_H4	H4	[R].GKGGKGLGKGGAKR.[H]	[5-18]	K	9	Ace	NA	100	GKGGK GLGKG GAKR
Spun_SPPG_04875|Histone_H4	H4	[R].GKGGKGLGKGGAKR.[H]	[5-18]	K	9	Ace	NA	100	GKGGK GLGKG GAKR
Spun_SPPG_04875|Histone_H4	H4	[R].GKGGKGLGKGGAKR.[H]	[5-18]	K	9	Ace	NA	100	GKGGK GLGKG GAKR
Spun_SPPG_04875|Histone_H4	H4	[R].GKGGKGLGKGGAKR.[H]	[5-18]	K	9	Ace	NA	100	GKGGK GLGKG GAKR
Spun_SPPG_04875|Histone_H4	H4	[R].GKGGKGLGKGGAKR.[H]	[5-18]	K	13	Ace	NA	100	GKGGK GLGKG GAKR
Spun_SPPG_04875|Histone_H4	H4	[R].GKGGKGLGKGGAKR.[H]	[5-18]	K	13	Ace	NA	100	GKGGK GLGKG GAKR
Spun_SPPG_04875|Histone_H4	H4	[R].GKGGKGLGKGGAKR.[H]	[5-18]	K	13	Ace	NA	100	GKGGK GLGKG GAKR
Spun_SPPG_04875|Histone_H4	H4	[R].GKGGKGLGKGGAKR.[H]	[5-18]	K	13	Ace	NA	100	GKGGK GLGKG GAKR
Spun_SPPG_04875|Histone_H4	H4	[R].GKGGKGLGKGGAKR.[H]	[5-18]	K	13	Ace	NA	100	GKGGK GLGKG GAKR
Spun_SPPG_04875|Histone_H4	H4	[R].GKGGKGLGKGGAKR.[H]	[5-18]	K	13	Ace	NA	100	GKGGK GLGKG GAKR
Spun_SPPG_04875|Histone_H4	H4	[K].GGKGLGKGGAKR.[H]	[7-18]	K	11	Ace	NA	100	GGKGL GKGGA KR
Spun_SPPG_04875|Histone_H4	H4	[K].GLGKGGAKR.[H]	[10-18]	K	8	Ace	NA	100	GLGKG GAKR
Spun_SPPG_04875|Histone_H4	H4	[R].KILRDNIQGITKPAIR.[R]	[21-36]	K	1	Me1	NA	100	KILRD NIQGI TKPAI R
Spun_SPPG_03268|Histone_H4	H4	[K].GKGIKR.[K]	[21-26]	K	5	Me1	NA	100	GKGIK R
