gene	orthogroup	orthologous_to	family	architecture
Ptet_CAK78599	Dpy-30.HG1.0:like:DYDC1/DYDC2:likeclu:1		Dpy-30	Dpy-30
Lmaj_CAJ02275	Dpy-30.HG1.0:like:DYDC1/DYDC2:likeclu:1		Dpy-30	Dpy-30
Pisp_OUM56975.1	Dpy-30.HG1.0:like:DYDC1/DYDC2:likeclu:1		Dpy-30	Dpy-30
Mbre_EDQ86654	Dpy-30.HG1.0:like:DYDC1/DYDC2:likeclu:1		Dpy-30	Dpy-30
Tcru_EAN86161	Dpy-30.HG1.0:like:DYDC1/DYDC2:likeclu:1		Dpy-30	Dpy-30
Aurlim_6756	Dpy-30.HG1.0:like:DYDC1/DYDC2:likeclu:1		Dpy-30	Dpy-30
Sros_EGD76825	Dpy-30.HG1.0:like:DYDC1/DYDC2:likeclu:1		Dpy-30	Dpy-30
Pavlsp_835509	Dpy-30.HG1.0:like:DYDC1/DYDC2:likeclu:1		Dpy-30	Dpy-30
Honfer_GBG26711	Dpy-30.HG1.0:like:DYDC1/DYDC2:likeclu:1		Dpy-30	Dpy-30
Ctel_CapteP202924	Dpy-30.HG1.0:like:DYDC1/DYDC2:likeclu:1		Dpy-30	Dpy-30
Lmaj_CAJ07727	Dpy-30.HG1.0:like:DYDC1/DYDC2:likeclu:1		Dpy-30	RIIa
Recame_RECAM_14177.mRNA.1	Dpy-30.HG1.0:like:DYDC1/DYDC2:likeclu:1		Dpy-30	Dpy-30 EF-hand_7
Lepsey_KPI84116	Dpy-30.HG1.0:like:DYDC1/DYDC2:likeclu:1		Dpy-30	Dpy-30
Ngru_EFC46456	Dpy-30.HG1.0:like:DYDC1/DYDC2:likeclu:1		Dpy-30	Dpy-30
Otau_XP_003082443.1	Dpy-30.HG1.0:like:DYDC1/DYDC2:likeclu:1		Dpy-30	Dpy-30
Tcru_EAN98123	Dpy-30.HG1.0:like:DYDC1/DYDC2:likeclu:1		Dpy-30	Dpy-30
Rall_EPZ35843	Dpy-30.HG1.0:like:DYDC1/DYDC2:likeclu:1		Dpy-30	Dpy-30
Glam_EDO78247	Dpy-30.HG1.0:like:DYDC1/DYDC2:likeclu:1		Dpy-30	Dpy-30
Secula_SECUL_05938.mRNA.1	Dpy-30.HG1.0:like:DYDC1/DYDC2:likeclu:1		Dpy-30	Dpy-30
Fabtro_Gene.31457	Dpy-30.HG1.0:like:DYDC1/DYDC2:likeclu:1		Dpy-30	Dpy-30
Jakbah_JAKBA_00642.mRNA.1	Dpy-30.HG1.0:like:DYDC1/DYDC2:likeclu:1		Dpy-30	Dpy-30
Bodsal_CUG86788.1	Dpy-30.HG1.0:like:DYDC1/DYDC2:likeclu:1		Dpy-30	Dpy-30
Tvag_XP_001323290.1	Dpy-30.HG1.0:like:DYDC1/DYDC2:likeclu:1		Dpy-30	Dpy-30
Ptet_CAK60675	Dpy-30.HG1.0:like:DYDC1/DYDC2:likeclu:1		Dpy-30	Dpy-30
Ptet_CAK93960	Dpy-30.HG1.0:like:DYDC1/DYDC2:likeclu:1		Dpy-30	Dpy-30
Styinc_Gene4647_m4647	Dpy-30.HG1.0:like:DYDC1/DYDC2:likeclu:1		Dpy-30	Dpy-30
Scil_scpid65254	Dpy-30.HG1.0:like:DYDC1/DYDC2:likeclu:1		Dpy-30	Dpy-30
Ptet_CAK60101	Dpy-30.HG1.0:like:DYDC1/DYDC2:likeclu:1		Dpy-30	Dpy-30
Ptet_CAK57006	Dpy-30.HG1.0:like:DYDC1/DYDC2:likeclu:1		Dpy-30	Dpy-30
Scil_scpid65277	Dpy-30.HG1.0:like:DYDC1/DYDC2:likeclu:1		Dpy-30	Dpy-30
Masbal_CACRSC010000049.1.p127	Dpy-30.HG1.0:like:DYDC1/DYDC2:likeclu:1		Dpy-30	Dpy-30
Ptet_CAK79141	Dpy-30.HG1.0:like:DYDC1/DYDC2:likeclu:1		Dpy-30	Dpy-30
Ulvmut_UM098_00081	Dpy-30.HG1.1:DYDC1/DYDC2	DYDC1/DYDC2	Dpy-30	Dpy-30
Oxytri_EJY64837	Dpy-30.HG1.1:DYDC1/DYDC2	islike:DYDC1/DYDC2	Dpy-30	Dpy-30
Scil_scpid98309	Dpy-30.HG1.1:DYDC1/DYDC2	islike:DYDC1/DYDC2	Dpy-30	Dpy-30
Carmem_530.p1	Dpy-30.HG1.1:DYDC1/DYDC2	islike:DYDC1/DYDC2	Dpy-30	NDK Dpy-30
Lpol_XP_022254486.1	Dpy-30.HG1.1:DYDC1/DYDC2	DYDC2	Dpy-30	Ank_2 Ank_2 Ank_2 Ank_2 Ank_2 Dpy-30 Ank_2
Skow_XP_002738923.1	Dpy-30.HG1.1:DYDC1/DYDC2	islike:DYDC2	Dpy-30	Dpy-30
Nvec_NVE12509	Dpy-30.HG1.1:DYDC1/DYDC2	islike:DYDC1/DYDC2	Dpy-30	Dpy-30
Carmem_1030.p1	Dpy-30.HG1.1:DYDC1/DYDC2	islike:DYDC1/DYDC2	Dpy-30	Dpy-30
Oxytri_EJY70742	Dpy-30.HG1.1:DYDC1/DYDC2	islike:DYDC1/DYDC2	Dpy-30	Dpy-30
Fabtro_Gene.6545	Dpy-30.HG1.1:DYDC1/DYDC2	islike:DYDC1/DYDC2	Dpy-30	Dpy-30
Aque_Aqu2.1.16115_001	Dpy-30.HG1.1:DYDC1/DYDC2	islike:DYDC1/DYDC2	Dpy-30	Dpy-30
Tgon_TGME49_258575-t26_1	Dpy-30.HG1.1:DYDC1/DYDC2	islike:DYDC1/DYDC2	Dpy-30	Dpy-30
Morvir_scaffold7.g60.t1	Dpy-30.HG1.1:DYDC1/DYDC2	islike:DYDC1/DYDC2	Dpy-30	Dpy-30
Cgig_EKC40613	Dpy-30.HG1.1:DYDC1/DYDC2	islike:DYDC2	Dpy-30	Dpy-30
Crei_PNW77220	Dpy-30.HG1.1:DYDC1/DYDC2	islike:DYDC1/DYDC2	Dpy-30	Dpy-30
Drer_ENSDARP00000134033.1	Dpy-30.HG1.1:DYDC1/DYDC2	DYDC1	Dpy-30	Dpy-30
Scil_scpid97801	Dpy-30.HG1.1:DYDC1/DYDC2	islike:DYDC1/DYDC2	Dpy-30	Dpy-30
Ctel_CapteP189471	Dpy-30.HG1.1:DYDC1/DYDC2	islike:DYDC2	Dpy-30	Dpy-30
Hduj_OQV20188.1	Dpy-30.HG1.1:DYDC1/DYDC2	islike:DYDC1/DYDC2	Dpy-30	Dpy-30
Hsap_ENSP00000361276.1	Dpy-30.HG1.1:DYDC1/DYDC2	DYDC1	Dpy-30	Dpy-30
Tthe_EAS03641	Dpy-30.HG1.1:DYDC1/DYDC2	DYDC2	Dpy-30	Dpy-30 cNMP_binding cNMP_binding
Hsap_ENSP00000361272.1	Dpy-30.HG1.1:DYDC1/DYDC2	DYDC2	Dpy-30	Dpy-30
Linana_g8652.t1	Dpy-30.HG1.1:DYDC1/DYDC2	DYDC2	Dpy-30	Dpy-30
Apla_XP_022104792.1	Dpy-30.HG1.1:DYDC1/DYDC2	islike:DYDC2	Dpy-30	Dpy-30
Phakir_PHAKIR_02762.mRNA.1	Dpy-30.HG1.1:DYDC1/DYDC2	islike:DYDC1/DYDC2	Dpy-30	Dpy-30
Plafun_PRP82331	Dpy-30.HG1.1:DYDC1/DYDC2	islike:DYDC1/DYDC2	Dpy-30	Dpy-30
Skow_XP_002738924.1	Dpy-30.HG1.1:DYDC1/DYDC2	islike:DYDC2	Dpy-30	Dpy-30
Vcar_XP_002954169.1	Dpy-30.HG1.1:DYDC1/DYDC2	islike:DYDC1/DYDC2	Dpy-30	Dpy-30
Tcas_XP_015838961.1	Dpy-30.HG1.1:DYDC1/DYDC2	DYDC2	Dpy-30	Ank_2 Ank_2 ATP-gua_PtransN ATP-gua_Ptrans Dpy-30
Pinf_PITG_06915T0	Dpy-30.HG1.1:DYDC1/DYDC2	islike:DYDC1/DYDC2	Dpy-30	Dpy-30
Ancsig_Gene.7401	Dpy-30.HG1.1:DYDC1/DYDC2	islike:DYDC1/DYDC2	Dpy-30	Dpy-30
Klenit_GAQ82871.1	Dpy-30.HG1.1:DYDC1/DYDC2	islike:DYDC1/DYDC2	Dpy-30	Dpy-30
Chrtob_KOO53151.1	Dpy-30.HG1.1:DYDC1/DYDC2	islike:DYDC1/DYDC2	Dpy-30	Dpy-30
Tcas_XP_008195418.2	Dpy-30.HG1.1:DYDC1/DYDC2	islike:DYDC1/DYDC2	Dpy-30	Dpy-30
Cint_ENSCINP00000012807.3	Dpy-30.HG1.1:DYDC1/DYDC2	islike:DYDC2	Dpy-30	Dpy-30
Linana_g31911.t1	Dpy-30.HG1.1:DYDC1/DYDC2	DYDC2	Dpy-30	Dpy-30
Caulen_g1195.t1	Dpy-30.HG1.1:DYDC1/DYDC2	islike:DYDC1/DYDC2	Dpy-30	Dpy-30
Tthe_EAR91668	Dpy-30.HG1.1:DYDC1/DYDC2	islike:DYDC1/DYDC2	Dpy-30	Dpy-30
Phoaus_g14477.t1	Dpy-30.HG1.1:DYDC1/DYDC2	islike:DYDC1/DYDC2	Dpy-30	Ank_2 Dpy-30 Ank_2
Cgig_EKC39580	Dpy-30.HG1.1:DYDC1/DYDC2	DYDC2	Dpy-30	Dpy-30
Mpus_XP_003058327.1	Dpy-30.HG1.1:DYDC1/DYDC2	islike:DYDC1/DYDC2	Dpy-30	Dpy-30
Tadh_P60169	Dpy-30.HG1.1:DYDC1/DYDC2	DYDC1/DYDC2	Dpy-30	Dpy-30
Malcal_MALCA_00376.mRNA.1	Dpy-30.HG1.1:DYDC1/DYDC2	islike:DYDC1/DYDC2	Dpy-30	Dpy-30
Scil_scpid96764	Dpy-30.HG1.1:DYDC1/DYDC2	islike:DYDC1/DYDC2	Dpy-30	Dpy-30
Esil_CBN73873	Dpy-30.HG1.1:DYDC1/DYDC2	islike:DYDC1/DYDC2	Dpy-30	Dpy-30
Nk52_evm22s164	Dpy-30.HG1.1:DYDC1/DYDC2	DYDC1/DYDC2	Dpy-30	Dpy-30 TerD TerD
Phoaus_g16952.t1	Dpy-30.HG1.1:DYDC1/DYDC2	DYDC2	Dpy-30	Dpy-30
Ppat_Pp3c12_4210V3.1	Dpy-30.HG1.1:DYDC1/DYDC2	islike:DYDC1/DYDC2	Dpy-30	Dpy-30
Lgig_LotgiP229340	Dpy-30.HG1.1:DYDC1/DYDC2	islike:DYDC2	Dpy-30	Dpy-30
Spimul_26149_TR13033_c0_g4	Dpy-30.HG1.1:DYDC1/DYDC2	islike:DYDC1/DYDC2	Dpy-30	Dpy-30
Phoaus_g2892.t1	Dpy-30.HG1.1:DYDC1/DYDC2	islike:DYDC2	Dpy-30	Dpy-30
Sphfal_Sphfalx08G095600.1.p	Dpy-30.HG1.1:DYDC1/DYDC2	islike:DYDC1/DYDC2	Dpy-30	Dpy-30
Dmel_FBpp0309868	Dpy-30.HG1.1:DYDC1/DYDC2	DYDC2	Dpy-30	Ank_2 Dpy-30 Ank_2
Bnat_JGI_V11_75993	Dpy-30.HG1.1:DYDC1/DYDC2	DYDC1/DYDC2	Dpy-30	Dpy-30
Bralan_BL14286_evm0	Dpy-30.HG1.1:DYDC1/DYDC2	islike:DYDC2	Dpy-30	Dpy-30
Nutlon_comp22081_c0_seq1.p1	Dpy-30.HG1.1:DYDC1/DYDC2	islike:DYDC1/DYDC2	Dpy-30	Dpy-30
Hemkuk_20922_TR6932_c0_g2	Dpy-30.HG1.1:DYDC1/DYDC2	islike:DYDC1/DYDC2	Dpy-30	Dpy-30
Gonavo_g15520.t1	Dpy-30.HG1.1:DYDC1/DYDC2	islike:DYDC1/DYDC2	Dpy-30	Dpy-30
Cscu_XP_023215490.1	Dpy-30.HG1.1:DYDC1/DYDC2	DYDC2	Dpy-30	Ank_2 Ank_2 Ank_2 Dpy-30 Ank_2
Spis_XP_022798231_1	Dpy-30.HG1.1:DYDC1/DYDC2	islike:DYDC1/DYDC2	Dpy-30	Dpy-30
Ttra_KNC54866	Dpy-30.HG1.1:DYDC1/DYDC2	islike:DYDC1/DYDC2	Dpy-30	Dpy-30
Notgen_g21085.t1	Dpy-30.HG1.1:DYDC1/DYDC2	islike:DYDC2	Dpy-30	Ank_2 Dpy-30 Ank_2
Gefoke_MALSP_17179.mRNA.1	Dpy-30.HG1.1:DYDC1/DYDC2	islike:DYDC1/DYDC2	Dpy-30	Dpy-30
Tetwil_Twilhelma_g12204.t1	Dpy-30.HG1.1:DYDC1/DYDC2	islike:DYDC1/DYDC2	Dpy-30	Dpy-30
Marpol_PTQ31634	Dpy-30.HG1.1:DYDC1/DYDC2	islike:DYDC1/DYDC2	Dpy-30	Dpy-30
Cscu_XP_023238633.1	Dpy-30.HG1.1:DYDC1/DYDC2	islike:DYDC1/DYDC2	Dpy-30	Dpy-30
Maljak_MALJA_02758.mRNA.1	Dpy-30.HG1.1:DYDC1/DYDC2	islike:DYDC1/DYDC2	Dpy-30	Dpy-30
Alblai_CCA19319	Dpy-30.HG1.1:DYDC1/DYDC2	islike:DYDC1/DYDC2	Dpy-30	Dpy-30
Plamic_ANCSI_10728.mRNA.1	Dpy-30.HG1.1:DYDC1/DYDC2	islike:DYDC1/DYDC2	Dpy-30	Dpy-30 TerD TerD TerD TerD
Mlei_ML0254_g1_t1	Dpy-30.HG1.1:DYDC1/DYDC2	islike:DYDC2	Dpy-30	Dpy-30 DUF4639
Maljak_MALJA_23333.mRNA.1	Dpy-30.HG1.1:DYDC1/DYDC2	islike:DYDC1/DYDC2	Dpy-30	Dpy-30
Diprot_Gene.4189	Dpy-30.HG1.1:DYDC1/DYDC2	islike:DYDC1/DYDC2	Dpy-30	Dpy-30
Lcom_lcpid22989	Dpy-30.HG1.1:DYDC1/DYDC2	islike:DYDC1/DYDC2	Dpy-30	Dpy-30
Pygbif_GCRY01002077.1.p1	Dpy-30.HG1.1:DYDC1/DYDC2	islike:DYDC1/DYDC2	Dpy-30	Dpy-30
Spur_XP_030835783.1	Dpy-30.HG1.1:DYDC1/DYDC2	islike:DYDC2	Dpy-30	Dpy-30
Gthe_EKX50540	Dpy-30.HG1.1:DYDC1/DYDC2	islike:DYDC1/DYDC2	Dpy-30	Dpy-30
Exapal_XP_020908906.1	Dpy-30.HG1.1:DYDC1/DYDC2	islike:DYDC1/DYDC2	Dpy-30	Dpy-30
Ctel_CapteP151680	Dpy-30.HG1.1:DYDC1/DYDC2	islike:DYDC2	Dpy-30	Dpy-30
Notgen_g4143.t1	Dpy-30.HG1.1:DYDC1/DYDC2	islike:DYDC2	Dpy-30	Dpy-30
Lpol_XP_013793203.1	Dpy-30.HG1.1:DYDC1/DYDC2	DYDC2	Dpy-30	Ank_2 Dpy-30
Hemkuk_20921_TR6932_c0_g1	Dpy-30.HG1.1:DYDC1/DYDC2	islike:DYDC1/DYDC2	Dpy-30	Dpy-30
Sappar_KDO31777	Dpy-30.HG1.1:DYDC1/DYDC2	islike:DYDC1/DYDC2	Dpy-30	Dpy-30
Notgen_g21081.t1	Dpy-30.HG1.1:DYDC1/DYDC2	islike:DYDC2	Dpy-30	Ank_2 Dpy-30 Ank_2
Clyhem_TCONS_00011859-protein	Dpy-30.HG1.1:DYDC1/DYDC2	islike:DYDC1/DYDC2	Dpy-30	Dpy-30
Coka_g11140.t1	Dpy-30.HG1.1:DYDC1/DYDC2	islike:DYDC1/DYDC2	Dpy-30	Dpy-30
Ptyfla_pfl_40v0_9_20150316_1g3811.t1	Dpy-30.HG1.1:DYDC1/DYDC2	islike:DYDC2	Dpy-30	Dpy-30 Dpy-30
Eimten_CDJ41580	Dpy-30.HG1.1:DYDC1/DYDC2	islike:DYDC1/DYDC2	Dpy-30	Dpy-30
Scil_scpid97238	Dpy-30.HG1.1:DYDC1/DYDC2	islike:DYDC1/DYDC2	Dpy-30	Dpy-30
Linana_g29072.t1	Dpy-30.HG1.1:DYDC1/DYDC2	islike:DYDC2	Dpy-30	Dpy-30
Hydvul_Sc4wPfr_56.g24514.t1	Dpy-30.HG1.1:DYDC1/DYDC2	islike:DYDC1/DYDC2	Dpy-30	Dpy-30
Gefoke_MALSP_00399.mRNA.1	Dpy-30.HG1.2:like:AK7/DPY30:likeclu:19/21		Dpy-30	WD40 WD40 Dpy-30
Eimten_CDJ40969	Dpy-30.HG1.2:like:AK7/DPY30:likeclu:19/21		Dpy-30	Dpy-30
Notgen_g29477.t1	Dpy-30.HG1.2:like:AK7/DPY30:likeclu:19/21		Dpy-30	Dpy-30
Perkma_EER01139	Dpy-30.HG1.2:like:AK7/DPY30:likeclu:19/21		Dpy-30	Dpy-30
Bremin_symbB.v1.2.040524.t1	Dpy-30.HG1.2:like:AK7/DPY30:likeclu:19/21		Dpy-30	Dpy-30
Jakbah_JAKBA_06344.mRNA.1	Dpy-30.HG1.2:like:AK7/DPY30:likeclu:19/21		Dpy-30	RIIa
Cvel_22419.t1-p1	Dpy-30.HG1.2:like:AK7/DPY30:likeclu:19/21		Dpy-30	Dpy-30
Ptyfla_pfl_40v0_9_20150316_1g2714.t1	Dpy-30.HG1.2:like:AK7/DPY30:likeclu:19/21		Dpy-30	Dpy-30
Ptet_CAK91292	Dpy-30.HG1.2:like:AK7/DPY30:likeclu:19/21		Dpy-30	Dpy-30
Symmic_Smic7946	Dpy-30.HG1.2:like:AK7/DPY30:likeclu:19/21		Dpy-30	Dpy-30
Tthe_EAS03685	Dpy-30.HG1.2:like:AK7/DPY30:likeclu:19/21		Dpy-30	Dpy-30
Perkma_EER08757	Dpy-30.HG1.2:like:AK7/DPY30:likeclu:19/21		Dpy-30	Dpy-30
Ehux_EOD14778	Dpy-30.HG1.2:like:AK7/DPY30:likeclu:19/21		Dpy-30	Dpy-30
Mpus_XP_003060810.1	Dpy-30.HG1.2:like:AK7/DPY30:likeclu:19/21		Dpy-30	Dpy-30
Tthe_EAS07836	Dpy-30.HG1.2:like:AK7/DPY30:likeclu:19/21		Dpy-30	Dpy-30 TRAPPC-Trs85
Andgod_ANDGO_01230.mRNA.1	Dpy-30.HG1.2:like:AK7/DPY30:likeclu:19/21		Dpy-30	Dpy-30
Vitbra_CEM12632.1	Dpy-30.HG1.2:like:AK7/DPY30:likeclu:19/21		Dpy-30	Dpy-30
Oxytri_EJY72236	Dpy-30.HG1.2:like:AK7/DPY30:likeclu:19/21		Dpy-30	Dpy-30
Ptet_CAK94229	Dpy-30.HG1.2:like:AK7/DPY30:likeclu:19/21		Dpy-30	Ion_trans_2 cNMP_binding Dpy-30
Adig_XP_015762845.1	Dpy-30.HG1.2:like:AK7/DPY30:likeclu:19/21		Dpy-30	Dpy-30
Cscu_XP_023224802.1	Dpy-30.HG1.2:like:AK7/DPY30:likeclu:19/21		Dpy-30	Dpy-30
Tgon_TGME49_272260-t26_1	Dpy-30.HG1.2:like:AK7/DPY30:likeclu:19/21		Dpy-30	Dpy-30
Gthe_EKX52012	Dpy-30.HG1.3:like:NME5:likeclu:7		Dpy-30	Dpy-30 cNMP_binding cNMP_binding
Gthe_EKX31903	Dpy-30.HG1.3:like:NME5:likeclu:7		Dpy-30	Dpy-30 cNMP_binding cNMP_binding
Ppat_Pp3c21_14820V3.3	Dpy-30.HG1.4:like:NME5:likeclu:7		Dpy-30	Dpy-30
Perkma_EER13446	Dpy-30.HG1.4:like:NME5:likeclu:7		Dpy-30	Dpy-30 zf-4CXXC_R1
Gthe_EKX35586	Dpy-30.HG1.4:like:NME5:likeclu:7		Dpy-30	Dpy-30 cNMP_binding
Drer_ENSDARP00000108367.2	Dpy-30.HG1.5:like:AK7/DPY30:likeclu:19/21		Dpy-30	F-box DUF4347 Dpy-30 RhoGEF
Ulvmut_UM081_00391	Dpy-30.HG1.5:like:AK7/DPY30:likeclu:19/21		Dpy-30	ADK Guanylate_kin Dpy-30
Tvag_XP_001306027.1	Dpy-30.HG1.6:like:NME5:likeclu:7		Dpy-30	Dpy-30
Nk52_evm13s2133	Dpy-30.HG1.6:like:NME5:likeclu:7		Dpy-30	NDK Dpy-30
Tcas_XP_001811234.1	Dpy-30.HG1.6:like:NME5:likeclu:7		Dpy-30	NDK Dpy-30
Emul_CUT99316.1	Dpy-30.HG1.6:like:NME5:likeclu:7		Dpy-30	Dpy-30
Fabtro_Gene.3044	Dpy-30.HG1.6:like:NME5:likeclu:7		Dpy-30	Peptidase_C2 Calpain_III Calpain_III NDK Dpy-30
Ttra_KNC55386	Dpy-30.HG1.6:like:NME5:likeclu:7		Dpy-30	NDK Dpy-30
Gonavo_comp63010_c0_seq1_6_ORF23_759	Dpy-30.HG1.6:like:NME5:likeclu:7		Dpy-30	ADK ADK_lid ADK ADK_lid ADK ADK_lid Dpy-30
Gthe_EKX54394	Dpy-30.HG1.6:like:NME5:likeclu:7		Dpy-30	Dpy-30
Chabra_GBG73982	Dpy-30.HG1.6:like:NME5:likeclu:7		Dpy-30	Dpy-30 Integrase_H2C2 rve
Coka_g17138.t1	Dpy-30.HG1.7:NME5	NME5	Dpy-30	Dpy-30
Cgig_EKC43147	Dpy-30.HG1.7:NME5	NME5	Dpy-30	NDK Dpy-30
Tadh_P50304	Dpy-30.HG1.7:NME5	NME5	Dpy-30	NDK Dpy-30
Lcom_lcpid164723	Dpy-30.HG1.7:NME5	NME5	Dpy-30	NDK Dpy-30
Scil_scpid57489	Dpy-30.HG1.7:NME5	islike:NME5	Dpy-30	NDK Dpy-30
Cang_ORZ36894	Dpy-30.HG1.7:NME5	NME5	Dpy-30	NDK Dpy-30
Lpol_XP_013779587.1	Dpy-30.HG1.7:NME5	NME5	Dpy-30	NDK Dpy-30
Gracho_PXF44190.1	Dpy-30.HG1.7:NME5	NME5	Dpy-30	NDK Dpy-30 ADK
Chocri_XP_005715801.1	Dpy-30.HG1.7:NME5	NME5	Dpy-30	NDK Dpy-30 ADK
Lgig_LotgiP226200	Dpy-30.HG1.7:NME5	NME5	Dpy-30	NDK Dpy-30
Hduj_OQV13973.1	Dpy-30.HG1.7:NME5	NME5	Dpy-30	NDK Dpy-30
Nvec_NVE884	Dpy-30.HG1.7:NME5	NME5	Dpy-30	Dpy-30
Sros_EGD74368	Dpy-30.HG1.7:NME5	NME5	Dpy-30	NDK Dpy-30
Cscu_XP_023244514.1	Dpy-30.HG1.7:NME5	NME5	Dpy-30	NDK Dpy-30
Recame_RECAM_07231.mRNA.1	Dpy-30.HG1.7:NME5	NME5	Dpy-30	Dpy-30
Maljak_MALJA_11604.mRNA.1	Dpy-30.HG1.7:NME5	NME5	Dpy-30	NDK Dpy-30
Porpur_KAA8499025.1	Dpy-30.HG1.7:NME5	NME5	Dpy-30	NDK Dpy-30 ADK
Hemkuk_15340_TR5165_c0_g1	Dpy-30.HG1.7:NME5	NME5	Dpy-30	Dpy-30
Bralan_BL13534_cuf2	Dpy-30.HG1.7:NME5	NME5	Dpy-30	NDK Dpy-30
Andgod_ANDGO_00988.mRNA.1	Dpy-30.HG1.7:NME5	NME5	Dpy-30	NDK Dpy-30
Emue_0010g259a	Dpy-30.HG1.7:NME5	NME5	Dpy-30	NDK Dpy-30
Lmaj_CAJ02931	Dpy-30.HG1.7:NME5	NME5	Dpy-30	Dpy-30
Ptyfla_pfl_40v0_9_20150316_1g6982.t1	Dpy-30.HG1.7:NME5	NME5	Dpy-30	NDK Dpy-30
Crei_PNW71438	Dpy-30.HG1.7:NME5	NME5	Dpy-30	NDK Dpy-30 IQ IQ IQ
Smoe_EFJ17940	Dpy-30.HG1.7:NME5	NME5	Dpy-30	NDK Dpy-30
Ramvar_GAV05532.1	Dpy-30.HG1.7:NME5	NME5	Dpy-30	NDK Dpy-30
Gonavo_g5879.t1	Dpy-30.HG1.7:NME5	NME5	Dpy-30	NDK Dpy-30 cNMP_binding cNMP_binding
Malcal_MALCA_07044.mRNA.1	Dpy-30.HG1.7:NME5	NME5	Dpy-30	NDK Dpy-30
Spis_XP_022786566_1	Dpy-30.HG1.7:NME5	NME5	Dpy-30	NDK Dpy-30
Tetwil_Twilhelma_g12813.t3	Dpy-30.HG1.7:NME5	NME5	Dpy-30	NDK Dpy-30
Morvir_scaffold39.g120.t2	Dpy-30.HG1.7:NME5	NME5	Dpy-30	NDK NDK Dpy-30
Phoaus_g14973.t1	Dpy-30.HG1.7:NME5	NME5	Dpy-30	NDK Dpy-30
Exapal_XP_020893891.1	Dpy-30.HG1.7:NME5	NME5	Dpy-30	NDK Dpy-30
Pygbif_GCRY01001853.1.p1	Dpy-30.HG1.7:NME5	NME5	Dpy-30	NDK Dpy-30
Jaklib_JAKLI_19150.mRNA.1	Dpy-30.HG1.7:NME5	NME5	Dpy-30	NDK Dpy-30
Kipbia_GCA63517	Dpy-30.HG1.7:NME5	NME5	Dpy-30	Dpy-30
Sman_Smp_203450.1_pep	Dpy-30.HG1.7:NME5	NME5	Dpy-30	Dpy-30
Aque_Aqu2.1.15474_001	Dpy-30.HG1.7:NME5	NME5	Dpy-30	NDK Dpy-30
Tcru_EAN93453	Dpy-30.HG1.7:NME5	NME5	Dpy-30	Dpy-30
Amac_KNE66744	Dpy-30.HG1.7:NME5	NME5	Dpy-30	NDK Dpy-30
Ctel_CapteP177417	Dpy-30.HG1.7:NME5	NME5	Dpy-30	NDK Dpy-30
Tcru_EAN84522	Dpy-30.HG1.7:NME5	NME5	Dpy-30	Dpy-30
Strcul_EPY26042	Dpy-30.HG1.7:NME5	NME5	Dpy-30	Dpy-30
Hydvul_Sc4wPfr_396.g3016.t1	Dpy-30.HG1.7:NME5	NME5	Dpy-30	NDK Dpy-30
Ppat_Pp3c26_13710V3.2	Dpy-30.HG1.7:NME5	NME5	Dpy-30	NDK Dpy-30
Hsap_ENSP00000265191.2	Dpy-30.HG1.7:NME5	NME5	Dpy-30	NDK Dpy-30
Adig_XP_015748137.1	Dpy-30.HG1.7:NME5	NME5	Dpy-30	NDK Dpy-30
Jakbah_JAKBA_10142.mRNA.1	Dpy-30.HG1.7:NME5	NME5	Dpy-30	NDK Dpy-30
Spun_KND04699	Dpy-30.HG1.7:NME5	NME5	Dpy-30	NDK Dpy-30
Morvir_scaffold39.g120.t1	Dpy-30.HG1.7:NME5	NME5	Dpy-30	NDK Dpy-30
Gpro_KXS13864	Dpy-30.HG1.7:NME5	NME5	Dpy-30	NDK Dpy-30
Plafun_PRP76189	Dpy-30.HG1.7:NME5	NME5	Dpy-30	IQ IQ NDK Dpy-30
Plamic_ANCSI_07908.mRNA.1	Dpy-30.HG1.7:NME5	NME5	Dpy-30	Peptidase_C2 Calpain_III Peptidase_C2 Calpain_III Calpain_III NDK Dpy-30
Phakir_PHAKIR_00329.mRNA.1	Dpy-30.HG1.7:NME5	NME5	Dpy-30	Dpy-30
Secula_SECUL_06254.mRNA.1	Dpy-30.HG1.7:NME5	NME5	Dpy-30	NDK Dpy-30
Maljak_MALJA_12230.mRNA.1	Dpy-30.HG1.7:NME5	NME5	Dpy-30	NDK Dpy-30
Diprot_Gene.3352	Dpy-30.HG1.7:NME5	NME5	Dpy-30	NDK Dpy-30
Skow_XP_002730778.1	Dpy-30.HG1.7:NME5	NME5	Dpy-30	NDK Dpy-30
Clyhem_TCONS_00001244-protein	Dpy-30.HG1.7:NME5	NME5	Dpy-30	NDK Dpy-30
Notgen_g26236.t1	Dpy-30.HG1.7:NME5	NME5	Dpy-30	NDK Dpy-30
Drer_ENSDARP00000060997.5	Dpy-30.HG1.7:NME5	NME5	Dpy-30	NDK Dpy-30
Mbre_EDQ85255	Dpy-30.HG1.7:NME5	NME5	Dpy-30	NDK Dpy-30
Azfi_s0009.g011941	Dpy-30.HG1.7:NME5	NME5	Dpy-30	PPR PPR PPR PPR_2 PPR PPR PPR_2 PPR PPR_2 PPR_2 PPR NDK Dpy-30
Lepsey_KPI89686	Dpy-30.HG1.7:NME5	NME5	Dpy-30	Dpy-30
Ngru_EFC49579	Dpy-30.HG1.7:NME5	NME5	Dpy-30	NDK Dpy-30
Cint_ENSCINP00000008954.3	Dpy-30.HG1.7:NME5	NME5	Dpy-30	NDK Dpy-30
Porumb_OSX77642.1	Dpy-30.HG1.7:NME5	NME5	Dpy-30	NDK Dpy-30 ADK
Apla_XP_022087458.1	Dpy-30.HG1.7:NME5	NME5	Dpy-30	NDK Dpy-30
Lcom_lcpid72395	Dpy-30.HG1.7:NME5	islike:NME5	Dpy-30	NDK Dpy-30
Manpla_Gene.12976	Dpy-30.HG1.7:NME5	NME5	Dpy-30	NDK Dpy-30
Nutlon_comp19997_c0_seq1.p1	Dpy-30.HG1.7:NME5	NME5	Dpy-30	Peptidase_C2 Calpain_III Calpain_III NDK Dpy-30
Porumb_OSX69937.1	Dpy-30.HG1.7:NME5	islike:NME5	Dpy-30	Dpy-30
Sman_Smp_146210.1_pep	Dpy-30.HG1.7:NME5	NME5	Dpy-30	NDK Dpy-30
Vcar_XP_002950816.1	Dpy-30.HG1.7:NME5	NME5	Dpy-30	NDK Dpy-30 IQ IQ
Rall_EPZ31168	Dpy-30.HG1.7:NME5	NME5	Dpy-30	Dpy-30
Gefoke_MALSP_15799.mRNA.1	Dpy-30.HG1.7:NME5	NME5	Dpy-30	NDK Dpy-30
Klenit_GAQ78520.1	Dpy-30.HG1.7:NME5	NME5	Dpy-30	NDK Dpy-30
Bden_EGF81514	Dpy-30.HG1.7:NME5	NME5	Dpy-30	NDK Dpy-30
Styinc_Gene7058_m7058	Dpy-30.HG1.7:NME5	NME5	Dpy-30	NDK Dpy-30
Mpus_XP_003056664.1	Dpy-30.HG1.7:NME5	NME5	Dpy-30	NDK Dpy-30 IQ IQ IQ IQ
Helrob_HelroP82832	Dpy-30.HG1.7:NME5	NME5	Dpy-30	NDK Dpy-30
Helrob_HelroP62917	Dpy-30.HG1.7:NME5	NME5	Dpy-30	NDK Dpy-30
Cmer_CMT083CT	Dpy-30.HG1.7:NME5	NME5	Dpy-30	Dpy-30 ADK
Ancsig_Gene.33957	Dpy-30.HG1.7:NME5	NME5	Dpy-30	NDK Dpy-30
Mlei_ML2083_g3_t1	Dpy-30.HG1.7:NME5	NME5	Dpy-30	NDK Dpy-30
Recame_RECAM_05379.mRNA.1	Dpy-30.HG1.7:NME5	NME5	Dpy-30	NDK Dpy-30
Marpol_PTQ35665	Dpy-30.HG1.7:NME5	NME5	Dpy-30	NDK Dpy-30
Spur_XP_790390.1	Dpy-30.HG1.7:NME5	NME5	Dpy-30	NDK Dpy-30
Amobb2_AMBB2_02180.mRNA.1	Dpy-30.HG1.7:NME5	NME5	Dpy-30	NDK Dpy-30
Linana_g8082.t1	Dpy-30.HG1.7:NME5	NME5	Dpy-30	NDK Dpy-30
Bnat_JGI_V11_87358	Dpy-30.HG1.7:NME5	NME5	Dpy-30	NDK Dpy-30
Honfer_GBG28413	Dpy-30.HG1.7:NME5	NME5	Dpy-30	NDK Dpy-30 ADK ADK ADK
Esil_CBN77839	Dpy-30.HG1.7:NME5	NME5	Dpy-30	Dpy-30
Ancsig_Gene.22626	Dpy-30.HG1.8:like:AK7/DPY30:likeclu:19/21		Dpy-30	Dpy-30
Nutlon_comp19830_c0_seq1.p1	Dpy-30.HG1.8:like:AK7/DPY30:likeclu:19/21		Dpy-30	ADK Dpy-30
Plamic_ANCSI_05223.mRNA.1	Dpy-30.HG1.9:like:AK7/DPY30:likeclu:19/21		Dpy-30	Dpy-30
Ppat_Pp3c6_26330V3.1	Dpy-30.HG1.9:like:AK7/DPY30:likeclu:19/21		Dpy-30	Dpy-30
Jaklib_JAKLI_08742.mRNA.1	Dpy-30.HG1.9:like:AK7/DPY30:likeclu:19/21		Dpy-30	Dpy-30
Jakbah_JAKBA_08432.mRNA.1	Dpy-30.HG1.9:like:AK7/DPY30:likeclu:19/21		Dpy-30	Dpy-30
Tvag_XP_001315852.1	Dpy-30.HG1.9:like:AK7/DPY30:likeclu:19/21		Dpy-30	Dpy-30
Secula_SECUL_00467.mRNA.1	Dpy-30.HG1.9:like:AK7/DPY30:likeclu:19/21		Dpy-30	Dpy-30
Tvag_XP_001327064.1	Dpy-30.HG1.9:like:AK7/DPY30:likeclu:19/21		Dpy-30	Dpy-30
Oxytri_EJY70569	Dpy-30.HG1.9:like:AK7/DPY30:likeclu:19/21		Dpy-30	Dpy-30
Emul_CDI97075.1	Dpy-30.HG1.9:like:AK7/DPY30:likeclu:19/21		Dpy-30	Dpy-30
Bodsal_CUG24418.1	Dpy-30.HG1.10:like:DPY30:likeclu:21		Dpy-30	Dpy-30
Vitbra_CEM40137.1	Dpy-30.HG1.10:like:DPY30:likeclu:21		Dpy-30	Dpy-30
Perkma_EEQ99996	Dpy-30.HG1.10:like:DPY30:likeclu:21		Dpy-30	Dpy-30
Tcru_EAN81890	Dpy-30.HG1.10:like:DPY30:likeclu:21		Dpy-30	Dpy-30
Bodsal_CUE63343.1	Dpy-30.HG1.11:like:AK7:likeclu:19		Dpy-30	Dpy-30
Lepsey_KPI83491	Dpy-30.HG1.11:like:AK7:likeclu:19		Dpy-30	Dpy-30
Tcru_EAN92956	Dpy-30.HG1.11:like:AK7:likeclu:19		Dpy-30	Dpy-30
Tcru_EAN85877	Dpy-30.HG1.11:like:AK7:likeclu:19		Dpy-30	Dpy-30
Lmaj_CAJ07072	Dpy-30.HG1.11:like:AK7:likeclu:19		Dpy-30	Dpy-30
Bodsal_CUG85763.1	Dpy-30.HG1.12:like:AK7:likeclu:19		Dpy-30	Dpy-30
Lmaj_CBZ12265	Dpy-30.HG1.12:like:AK7:likeclu:19		Dpy-30	Dpy-30
Tcru_EAN94234	Dpy-30.HG1.12:like:AK7:likeclu:19		Dpy-30	Dpy-30
Lepsey_KPI86529	Dpy-30.HG1.12:like:AK7:likeclu:19		Dpy-30	Dpy-30
Tcru_EAN86258	Dpy-30.HG1.12:like:AK7:likeclu:19		Dpy-30	Dpy-30
Clim_evm19s232	Dpy-30.HG1.13:like:DPY30:likeclu:21		Dpy-30	Dpy-30
Carmem_b5165.p6	Dpy-30.HG1.13:like:DPY30:likeclu:21		Dpy-30	Dpy-30
Carmem_5339.p1	Dpy-30.HG1.13:like:DPY30:likeclu:21		Dpy-30	ADK Dpy-30
Tthe_EAR89522	Dpy-30.HG1.13:like:DPY30:likeclu:21		Dpy-30	Dpy-30
Pavlsp_902333	Dpy-30.HG1.13:like:DPY30:likeclu:21		Dpy-30	Dpy-30
Cowc_KJE91570	Dpy-30.HG1.13:like:DPY30:likeclu:21		Dpy-30	Dpy-30
Glam_EDO76476	Dpy-30.HG1.13:like:DPY30:likeclu:21		Dpy-30	Dpy-30
Ptet_CAK76667	Dpy-30.HG1.13:like:DPY30:likeclu:21		Dpy-30	Dpy-30
Tgon_TGME49_280510-t26_1-p1-CDS1	Dpy-30.HG1.14:like:DPY30:likeclu:21		Dpy-30	Dpy-30
Manpla_Gene.24324	Dpy-30.HG1.14:like:DPY30:likeclu:21		Dpy-30	Dpy-30
Bremin_symbB.v1.2.006886.t1	Dpy-30.HG1.14:like:DPY30:likeclu:21		Dpy-30	Dpy-30 RabGAP-TBC
Cvel_14033.t1-p1	Dpy-30.HG1.14:like:DPY30:likeclu:21		Dpy-30	Dpy-30
Cvel_4825.t1-p1	Dpy-30.HG1.14:like:DPY30:likeclu:21		Dpy-30	Laminin_G_3 Dpy-30
Vitbra_CEL93779.1	Dpy-30.HG1.14:like:DPY30:likeclu:21		Dpy-30	Dpy-30
Maljak_MALJA_06144.mRNA.1	Dpy-30.HG1.15:like:AK7:likeclu:19		Dpy-30	Dpy-30
Hduj_OQV17653.1	Dpy-30.HG1.15:like:AK7:likeclu:19		Dpy-30	Dpy-30
Ramvar_GAU93539.1	Dpy-30.HG1.15:like:AK7:likeclu:19		Dpy-30	Dpy-30
Ramvar_GAV06484.1	Dpy-30.HG1.15:like:AK7:likeclu:19		Dpy-30	Dpy-30
Hduj_OQV20858.1	Dpy-30.HG1.15:like:AK7:likeclu:19		Dpy-30	Dpy-30
Ramvar_GAV00379.1	Dpy-30.HG1.15:like:AK7:likeclu:19		Dpy-30	Hydin_ADK Dpy-30
Malcal_MALCA_04294.mRNA.1	Dpy-30.HG1.15:like:AK7:likeclu:19		Dpy-30	Dpy-30
Gefoke_MALSP_09305.mRNA.1	Dpy-30.HG1.15:like:AK7:likeclu:19		Dpy-30	ADK Dpy-30
Ihof_evm3s790	Dpy-30.HG1.16:like:DPY30:likeclu:21		Dpy-30	Dpy-30
Hduj_OQV15184.1	Dpy-30.HG1.16:like:DPY30:likeclu:21		Dpy-30	Dpy-30
Hduj_OWA52783.1	Dpy-30.HG1.16:like:DPY30:likeclu:21		Dpy-30	Dpy-30
Ramvar_GAV02592.1	Dpy-30.HG1.16:like:DPY30:likeclu:21		Dpy-30	Dpy-30
Ramvar_GAU87695.1	Dpy-30.HG1.16:like:DPY30:likeclu:21		Dpy-30	Dpy-30
Ppat_Pp3c18_13110V3.1	Dpy-30.HG1.17:like:DPY30:likeclu:21		Dpy-30	Dpy-30
Sros_EGD81459	Dpy-30.HG1.17:like:DPY30:likeclu:21		Dpy-30	Dpy-30 TerD TerD
Chabra_GBG79262	Dpy-30.HG1.17:like:DPY30:likeclu:21		Dpy-30	Dpy-30
Hduj_OQV21209.1	Dpy-30.HG1.17:like:DPY30:likeclu:21		Dpy-30	Dpy-30
Scer_YDR469W	Dpy-30.HG1.17:like:DPY30:likeclu:21		Dpy-30	Dpy-30
Dmel_FBpp0293850	Dpy-30.HG1.17:like:DPY30:likeclu:21		Dpy-30	Dpy-30
Spom_SPCC18.11c.1_pep	Dpy-30.HG1.17:like:DPY30:likeclu:21		Dpy-30	Dpy-30
Tthe_EAS01763	Dpy-30.HG1.17:like:DPY30:likeclu:21		Dpy-30	C2 C2 Dpy-30
Pbla_XP_018284495.1	Dpy-30.HG1.17:like:DPY30:likeclu:21		Dpy-30	Dpy-30
Tthe_EAR88022	Dpy-30.HG1.17:like:DPY30:likeclu:21		Dpy-30	Dpy-30
Mbre_EDQ91108	Dpy-30.HG1.17:like:DPY30:likeclu:21		Dpy-30	Dpy-30 TerD TerD
Klenit_GAQ88696.1	Dpy-30.HG1.17:like:DPY30:likeclu:21		Dpy-30	Dpy-30
Porpur_KAA8491461.1	Dpy-30.HG1.17:like:DPY30:likeclu:21		Dpy-30	Dpy-30 ADK
Chabra_GBG87903	Dpy-30.HG1.17:like:DPY30:likeclu:21		Dpy-30	Dpy-30
Cocsub_XP_005650557.1	Dpy-30.HG1.17:like:DPY30:likeclu:21		Dpy-30	Dpy-30
Rirr_GBC46546	Dpy-30.HG1.17:like:DPY30:likeclu:21		Dpy-30	Dpy-30
Umbram_236815	Dpy-30.HG1.17:like:DPY30:likeclu:21		Dpy-30	Dpy-30
Mcir_OAD07149	Dpy-30.HG1.17:like:DPY30:likeclu:21		Dpy-30	Dpy-30
Ramvar_GAV05797.1	Dpy-30.HG1.17:like:DPY30:likeclu:21		Dpy-30	Dpy-30
Ncra_EAA34806	Dpy-30.HG1.17:like:DPY30:likeclu:21		Dpy-30	Dpy-30
Cocsub_XP_005647202.1	Dpy-30.HG1.17:like:DPY30:likeclu:21		Dpy-30	Dpy-30
Cocsub_XP_005642610.1	Dpy-30.HG1.17:like:DPY30:likeclu:21		Dpy-30	Dpy-30
Malcal_MALCA_00812.mRNA.1	Dpy-30.HG1.18:like:DPY30:likeclu:21		Dpy-30	Rtt106 WD40 Dpy-30
Ulvmut_UM053_00421	Dpy-30.HG1.18:like:DPY30:likeclu:21		Dpy-30	Dpy-30
Oxytri_EJY81771	Dpy-30.HG1.18:like:DPY30:likeclu:21		Dpy-30	Dpy-30
Cvar_XP_005844390.1	Dpy-30.HG1.18:like:DPY30:likeclu:21		Dpy-30	Dpy-30
Manpla_Gene.9754	Dpy-30.HG1.18:like:DPY30:likeclu:21		Dpy-30	Dpy-30
Ptet_CAK84992	Dpy-30.HG1.18:like:DPY30:likeclu:21		Dpy-30	Dpy-30
Tthe_EAR92326	Dpy-30.HG1.18:like:DPY30:likeclu:21		Dpy-30	Dpy-30
Mpus_XP_003057283.1	Dpy-30.HG1.18:like:DPY30:likeclu:21		Dpy-30	Dpy-30
Mpus_XP_003060945.1	Dpy-30.HG1.18:like:DPY30:likeclu:21		Dpy-30	Dpy-30
Dpul_EFX79530	Dpy-30.HG1.18:like:DPY30:likeclu:21		Dpy-30	Dpy-30
Hemkuk_4271_TR1491_c0_g1	Dpy-30.HG1.18:like:DPY30:likeclu:21		Dpy-30	Dpy-30
Nk52_evm61s1401	Dpy-30.HG1.18:like:DPY30:likeclu:21		Dpy-30	F-box-like DUF4347 Dpy-30 RhoGEF
Diprot_Gene.5216	Dpy-30.HG1.18:like:DPY30:likeclu:21		Dpy-30	Dpy-30
Ptet_CAK56373	Dpy-30.HG1.18:like:DPY30:likeclu:21		Dpy-30	Dpy-30
Lepsey_KPI82825	Dpy-30.HG1.18:like:DPY30:likeclu:21		Dpy-30	Dpy-30
Bodsal_CUG82063.1	Dpy-30.HG1.18:like:DPY30:likeclu:21		Dpy-30	Dpy-30
Amobb2_AMBB2_06930.mRNA.1	Dpy-30.HG1.19:AK7	AK7	Dpy-30	Dpy-30
Cang_ORZ30026	Dpy-30.HG1.19:AK7	AK7	Dpy-30	Dpy-30
Tadh_P18926	Dpy-30.HG1.19:AK7	AK7	Dpy-30	ADK Dpy-30
Jakbah_JAKBA_04244.mRNA.1	Dpy-30.HG1.19:AK7	AK7	Dpy-30	Hydin_ADK Dpy-30
Sappar_KDO27511	Dpy-30.HG1.19:AK7	islike:AK7	Dpy-30	Dpy-30
Aurlim_32308	Dpy-30.HG1.19:AK7	islike:AK7	Dpy-30	Dpy-30
Rall_EPZ33485	Dpy-30.HG1.19:AK7	AK7	Dpy-30	Hydin_ADK Dpy-30
Pavlsp_926469	Dpy-30.HG1.19:AK7	AK7	Dpy-30	ADK Dpy-30
Sman_Smp_163660.1_pep	Dpy-30.HG1.19:AK7	islike:AK7	Dpy-30	Dpy-30
Scil_scpid39170	Dpy-30.HG1.19:AK7	AK7	Dpy-30	AAA_17 Dpy-30
Ptet_CAK79938	Dpy-30.HG1.19:AK7	AK7	Dpy-30	ADK Dpy-30
Spimul_13935_TR7458_c0_g1	Dpy-30.HG1.19:AK7	AK7	Dpy-30	ADK Dpy-30
Lgig_LotgiP199862	Dpy-30.HG1.19:AK7	islike:AK7	Dpy-30	ADK Dpy-30
Andgod_ANDGO_04137.mRNA.1	Dpy-30.HG1.19:AK7	AK7	Dpy-30	Dpy-30
Lpol_XP_022242091.1	Dpy-30.HG1.19:AK7	AK7	Dpy-30	ADK Dpy-30
Gefoke_MALSP_00475.mRNA.1	Dpy-30.HG1.19:AK7	islike:AK7	Dpy-30	ADK Dpy-30
Tcas_XP_974737.3	Dpy-30.HG1.19:AK7	AK7	Dpy-30	ADK Dpy-30
Lcom_lcpid177863	Dpy-30.HG1.19:AK7	islike:AK7	Dpy-30	Dpy-30
Emul_CDS39543.1	Dpy-30.HG1.19:AK7	islike:AK7	Dpy-30	Dpy-30
Maljak_MALJA_05771.mRNA.1	Dpy-30.HG1.19:AK7	islike:AK7	Dpy-30	ADK Dpy-30
Carmem_3202.p1	Dpy-30.HG1.19:AK7	islike:AK7	Dpy-30	Dpy-30
Malcal_MALCA_11673.mRNA.1	Dpy-30.HG1.19:AK7	islike:AK7	Dpy-30	ADK Dpy-30
Exapal_XP_020894952.1	Dpy-30.HG1.19:AK7	islike:AK7	Dpy-30	ADK Dpy-30
Tadh_P52831	Dpy-30.HG1.19:AK7	islike:AK7	Dpy-30	AAA_17 Dpy-30
Secula_SECUL_01553.mRNA.1	Dpy-30.HG1.19:AK7	AK7	Dpy-30	ADK Dpy-30
Diprot_Gene.10258	Dpy-30.HG1.19:AK7	AK7	Dpy-30	ADK Dpy-30
Nk52_evm20s164	Dpy-30.HG1.19:AK7	AK7	Dpy-30	ADK Dpy-30
Emul_CDS37903.1	Dpy-30.HG1.19:AK7	islike:AK7	Dpy-30	Dpy-30
Plafun_PRP75482	Dpy-30.HG1.19:AK7	AK7	Dpy-30	ADK Dpy-30
Drer_ENSDARP00000117954.1	Dpy-30.HG1.19:AK7	AK7	Dpy-30	ADK Dpy-30
Chrtob_KOO31000.1	Dpy-30.HG1.19:AK7	islike:AK7	Dpy-30	Dpy-30
Plabra_CEO97351	Dpy-30.HG1.19:AK7	AK7	Dpy-30	ADK Dpy-30
Oxytri_EJY82052	Dpy-30.HG1.19:AK7	AK7	Dpy-30	Dpy-30
Oxytri_EJY67571	Dpy-30.HG1.19:AK7	AK7	Dpy-30	Dpy-30
Bremin_symbB.v1.2.028785.t1	Dpy-30.HG1.19:AK7	AK7	Dpy-30	ADK Dpy-30
Scil_scpid58088	Dpy-30.HG1.19:AK7	AK7	Dpy-30	AAA_17 Dpy-30
Pisp_OUM67382.1	Dpy-30.HG1.19:AK7	AK7	Dpy-30	AAA_14 Dpy-30
Adig_XP_015758848.1	Dpy-30.HG1.19:AK7	islike:AK7	Dpy-30	Dpy-30
Sman_Smp_160450.1_pep	Dpy-30.HG1.19:AK7	islike:AK7	Dpy-30	Dpy-30
Clim_evm12s171	Dpy-30.HG1.19:AK7	AK7	Dpy-30	Dpy-30
Alblai_CCA22196	Dpy-30.HG1.19:AK7	islike:AK7	Dpy-30	APG5 Dpy-30
Ptet_CAK61961	Dpy-30.HG1.19:AK7	AK7	Dpy-30	AAA_28 Dpy-30
Aque_Aqu2.1.35252_001	Dpy-30.HG1.19:AK7	AK7	Dpy-30	AAA_17 Dpy-30
Perkma_EER19609	Dpy-30.HG1.19:AK7	AK7	Dpy-30	Dpy-30
Masbal_CACRSC010000118.1.p41	Dpy-30.HG1.19:AK7	islike:AK7	Dpy-30	ADK Dpy-30
Tgon_TGME49_230460-t26_1	Dpy-30.HG1.19:AK7	AK7	Dpy-30	Dpy-30
Eimten_CDJ42793	Dpy-30.HG1.19:AK7	AK7	Dpy-30	Dpy-30
Notgen_g12393.t1	Dpy-30.HG1.19:AK7	islike:AK7	Dpy-30	ADK Dpy-30
Phoaus_g9505.t1	Dpy-30.HG1.19:AK7	islike:AK7	Dpy-30	ADK Dpy-30
Ptet_CAK70165	Dpy-30.HG1.19:AK7	AK7	Dpy-30	ADK Dpy-30
Diprot_Gene.20886	Dpy-30.HG1.19:AK7	islike:AK7	Dpy-30	ADK Dpy-30
Ptet_CAK69697	Dpy-30.HG1.19:AK7	AK7	Dpy-30	ADK Dpy-30
Pfal_CAB39008	Dpy-30.HG1.19:AK7	AK7	Dpy-30	Dpy-30
Gthe_EKX49984	Dpy-30.HG1.19:AK7	AK7	Dpy-30	Dpy-30
Hydvul_Sc4wPfr_641.g16835.t1	Dpy-30.HG1.19:AK7	AK7	Dpy-30	AAA ADK Dpy-30
Bnat_JGI_V11_87968	Dpy-30.HG1.19:AK7	AK7	Dpy-30	ADK Dpy-30
Gonavo_comp63260_c0_seq1_6_ORF37_699	Dpy-30.HG1.19:AK7	AK7	Dpy-30	Dpy-30
Gpro_KXS22159	Dpy-30.HG1.19:AK7	AK7	Dpy-30	AAA_17 Dpy-30
Spis_XP_022788033_1	Dpy-30.HG1.19:AK7	islike:AK7	Dpy-30	ADK Dpy-30
Ttra_KNC46437	Dpy-30.HG1.19:AK7	AK7	Dpy-30	ADK Dpy-30
Apla_XP_022083224.1	Dpy-30.HG1.19:AK7	islike:AK7	Dpy-30	ADK Dpy-30
Mlei_ML1412_g13_t1	Dpy-30.HG1.19:AK7	AK7	Dpy-30	ADK Dpy-30
Jaklib_JAKLI_16963.mRNA.1	Dpy-30.HG1.19:AK7	AK7	Dpy-30	ADK Dpy-30
Cvel_18858.t1-p1	Dpy-30.HG1.19:AK7	AK7	Dpy-30	ADK Dpy-30
Notgen_g42527.t1	Dpy-30.HG1.19:AK7	islike:AK7	Dpy-30	ADK Dpy-30
Skow_XP_002738748.1	Dpy-30.HG1.19:AK7	islike:AK7	Dpy-30	ADK Dpy-30
Notgen_g12394.t1	Dpy-30.HG1.19:AK7	islike:AK7	Dpy-30	Dpy-30 Dpy-30
Schagg_81662	Dpy-30.HG1.19:AK7	islike:AK7	Dpy-30	Dpy-30
Ocar_g1661.t1	Dpy-30.HG1.19:AK7	AK7	Dpy-30	ADK Dpy-30
Lcom_lcpid88225	Dpy-30.HG1.19:AK7	AK7	Dpy-30	ADK Dpy-30
Ptet_CAK65294	Dpy-30.HG1.19:AK7	AK7	Dpy-30	AAA_28 Dpy-30
Linana_g8874.t1	Dpy-30.HG1.19:AK7	islike:AK7	Dpy-30	ADK Dpy-30
Ehux_EOD16817	Dpy-30.HG1.19:AK7	islike:AK7	Dpy-30	Dpy-30
Clyhem_TCONS_00051008-protein	Dpy-30.HG1.19:AK7	AK7	Dpy-30	ADK Dpy-30
Hemkuk_12075_TR4122_c0_g4	Dpy-30.HG1.19:AK7	AK7	Dpy-30	ADK Dpy-30
Drer_ENSDARP00000074479.4	Dpy-30.HG1.19:AK7	islike:AK7	Dpy-30	ADK Dpy-30
Emue_0019g805a	Dpy-30.HG1.19:AK7	AK7	Dpy-30	AAA_17 Dpy-30
Cgig_EKC31394	Dpy-30.HG1.19:AK7	islike:AK7	Dpy-30	ADK Dpy-30
Ptet_CAK85134	Dpy-30.HG1.19:AK7	AK7	Dpy-30	Dpy-30
Bden_EGF78133	Dpy-30.HG1.19:AK7	AK7	Dpy-30	ADK Dpy-30
Pygbif_GCRY01005811.1.p1	Dpy-30.HG1.19:AK7	AK7	Dpy-30	Dpy-30
Nvec_NVE5619	Dpy-30.HG1.19:AK7	islike:AK7	Dpy-30	ADK Dpy-30
Morvir_scaffold36.g67.t1	Dpy-30.HG1.19:AK7	AK7	Dpy-30	AAA_17 ADK Dpy-30
Manpla_Gene.15951	Dpy-30.HG1.19:AK7	AK7	Dpy-30	Dpy-30
Spur_XP_030854537.1	Dpy-30.HG1.19:AK7	islike:AK7	Dpy-30	ADK Dpy-30
Vitbra_CEM33362.1	Dpy-30.HG1.19:AK7	AK7	Dpy-30	ADK Dpy-30
Fabtro_Gene.7744	Dpy-30.HG1.19:AK7	AK7	Dpy-30	ADK Dpy-30
Oxytri_EJY78537	Dpy-30.HG1.19:AK7	AK7	Dpy-30	Dpy-30
Recame_RECAM_00452.mRNA.1	Dpy-30.HG1.19:AK7	AK7	Dpy-30	AAA_17 Dpy-30
Maljak_MALJA_12096.mRNA.1	Dpy-30.HG1.19:AK7	islike:AK7	Dpy-30	ADK Dpy-30
Bremin_symbB.v1.2.024082.t1	Dpy-30.HG1.19:AK7	AK7	Dpy-30	Dpy-30
Spun_KND00419	Dpy-30.HG1.19:AK7	AK7	Dpy-30	Hydin_ADK ADK Dpy-30
Symmic_Smic36996	Dpy-30.HG1.19:AK7	AK7	Dpy-30	Pkinase EF-hand_5 EF-hand_7 Dpy-30
Tvag_XP_001322823.1	Dpy-30.HG1.19:AK7	islike:AK7	Dpy-30	ADK Dpy-30
Oxytri_EJY65344	Dpy-30.HG1.19:AK7	AK7	Dpy-30	AAA_17 Dpy-30
Perkma_EER18592	Dpy-30.HG1.19:AK7	AK7	Dpy-30	Dpy-30
Plamic_ANCSI_01245.mRNA.1	Dpy-30.HG1.19:AK7	AK7	Dpy-30	ADK Dpy-30
Bralan_BL17546_cuf6	Dpy-30.HG1.19:AK7	islike:AK7	Dpy-30	ADK Dpy-30
Ptet_CAK75320	Dpy-30.HG1.19:AK7	AK7	Dpy-30	Dpy-30
Symmic_Smic10750	Dpy-30.HG1.19:AK7	AK7	Dpy-30	U-box YqaJ Nuc_sug_transp Dpy-30
Adig_XP_015776866.1	Dpy-30.HG1.19:AK7	islike:AK7	Dpy-30	ADK Dpy-30
Cint_ENSCINP00000011810.3	Dpy-30.HG1.19:AK7	islike:AK7	Dpy-30	ADK Dpy-30
Tthe_EAS07372	Dpy-30.HG1.19:AK7	AK7	Dpy-30	Dpy-30
Hsap_ENSP00000267584.4	Dpy-30.HG1.19:AK7	AK7	Dpy-30	ADK Dpy-30
Ancsig_Gene.50417	Dpy-30.HG1.19:AK7	AK7	Dpy-30	Dpy-30
Nutlon_comp15571_c0_seq1.p2	Dpy-30.HG1.19:AK7	AK7	Dpy-30	Dpy-30
Mbre_EDQ88502	Dpy-30.HG1.19:AK7	AK7	Dpy-30	AAA Dpy-30
Pinf_PITG_20285T0	Dpy-30.HG1.19:AK7	islike:AK7	Dpy-30	ADK Dpy-30
Helrob_HelroP83308	Dpy-30.HG1.19:AK7	AK7	Dpy-30	AAA Dpy-30
Honfer_GBG32878	Dpy-30.HG1.19:AK7	islike:AK7	Dpy-30	Dpy-30
Ctel_CapteP225393	Dpy-30.HG1.19:AK7	islike:AK7	Dpy-30	ADK Dpy-30
Sros_EGD78827	Dpy-30.HG1.19:AK7	AK7	Dpy-30	SKI Dpy-30
Tthe_EAS02125	Dpy-30.HG1.19:AK7	AK7	Dpy-30	ADK Dpy-30
Tcru_EAN85300	Dpy-30.HG1.19:AK7	AK7	Dpy-30	Dpy-30
Lmaj_CAJ03109	Dpy-30.HG1.19:AK7	AK7	Dpy-30	Dpy-30
Bodsal_CUG87619.1	Dpy-30.HG1.19:AK7	AK7	Dpy-30	Dpy-30
Phakir_PHAKIR_10440.mRNA.1	Dpy-30.HG1.19:AK7	AK7	Dpy-30	Dpy-30
Ngru_EFC39344	Dpy-30.HG1.19:AK7	AK7	Dpy-30	ADK Dpy-30
Styinc_Gene3442_m3442	Dpy-30.HG1.19:AK7	AK7	Dpy-30	ADK Dpy-30
Lepsey_KPI89658	Dpy-30.HG1.19:AK7	AK7	Dpy-30	Dpy-30
Aplker_55869	Dpy-30.HG1.20:like:DPY30:likeclu:21		Dpy-30	Dpy-30
Jaklib_JAKLI_20438.mRNA.1	Dpy-30.HG1.20:like:DPY30:likeclu:21		Dpy-30	Dpy-30
Klenit_GAQ85457.1	Dpy-30.HG1.20:like:DPY30:likeclu:21		Dpy-30	Dpy-30
Mpus_XP_003055791.1	Dpy-30.HG1.20:like:DPY30:likeclu:21		Dpy-30	Dpy-30
Pinf_PITG_09609T0	Dpy-30.HG1.20:like:DPY30:likeclu:21		Dpy-30	Dpy-30
Oxytri_EJY85989	Dpy-30.HG1.20:like:DPY30:likeclu:21		Dpy-30	Dpy-30
Pavlsp_1036118	Dpy-30.HG1.20:like:DPY30:likeclu:21		Dpy-30	Dpy-30
Malcal_MALCA_04048.mRNA.1	Dpy-30.HG1.20:like:DPY30:likeclu:21		Dpy-30	Dpy-30
Maljak_MALJA_06002.mRNA.1	Dpy-30.HG1.20:like:DPY30:likeclu:21		Dpy-30	Dpy-30
Sphfal_Sphfalx19G041900.1.p	Dpy-30.HG1.20:like:DPY30:likeclu:21		Dpy-30	Dpy-30
Sphfal_Sphfalx03G105500.1.p	Dpy-30.HG1.20:like:DPY30:likeclu:21		Dpy-30	Dpy-30
Tvag_XP_001581983.1	Dpy-30.HG1.20:like:DPY30:likeclu:21		Dpy-30	Dpy-30
Ptet_CAK87968	Dpy-30.HG1.20:like:DPY30:likeclu:21		Dpy-30	Dpy-30
Gonavo_g12927.t1	Dpy-30.HG1.20:like:DPY30:likeclu:21		Dpy-30	Dpy-30
Smoe_EFJ12793	Dpy-30.HG1.20:like:DPY30:likeclu:21		Dpy-30	Dpy-30
Smoe_EFJ08054	Dpy-30.HG1.20:like:DPY30:likeclu:21		Dpy-30	Dpy-30
Secula_SECUL_08516.mRNA.1	Dpy-30.HG1.20:like:DPY30:likeclu:21		Dpy-30	Dpy-30
Sacu_v1.1_s0081.g017988	Dpy-30.HG1.20:like:DPY30:likeclu:21		Dpy-30	Dpy-30
Smoe_EFJ30976	Dpy-30.HG1.20:like:DPY30:likeclu:21		Dpy-30	Dpy-30
Plabra_CEP02760	Dpy-30.HG1.20:like:DPY30:likeclu:21		Dpy-30	Dpy-30
Pinf_PITG_09652T0	Dpy-30.HG1.20:like:DPY30:likeclu:21		Dpy-30	Dpy-30
Retfil_ETO33211	Dpy-30.HG1.20:like:DPY30:likeclu:21		Dpy-30	Dpy-30
Andgod_ANDGO_01793.mRNA.1	Dpy-30.HG1.20:like:DPY30:likeclu:21		Dpy-30	Dpy-30
Masbal_CACRSC010000043.1.p146	Dpy-30.HG1.20:like:DPY30:likeclu:21		Dpy-30	Dpy-30
Glam_EDO81120	Dpy-30.HG1.20:like:DPY30:likeclu:21		Dpy-30	Dpy-30
Oxytri_EJY71520	Dpy-30.HG1.20:like:DPY30:likeclu:21		Dpy-30	Dpy-30
Gefoke_MALSP_07917.mRNA.1	Dpy-30.HG1.20:like:DPY30:likeclu:21		Dpy-30	Dpy-30
Recame_RECAM_14720.mRNA.1	Dpy-30.HG1.20:like:DPY30:likeclu:21		Dpy-30	Dpy-30
Amobb2_AMBB2_07288.mRNA.1	Dpy-30.HG1.20:like:DPY30:likeclu:21		Dpy-30	Dpy-30
Pavlsp_597038	Dpy-30.HG1.20:like:DPY30:likeclu:21		Dpy-30	Dpy-30
Gefoke_MALSP_17336.mRNA.1	Dpy-30.HG1.20:like:DPY30:likeclu:21		Dpy-30	Dpy-30
Ptet_CAK85487	Dpy-30.HG1.20:like:DPY30:likeclu:21		Dpy-30	Dpy-30
Secula_SECUL_08516.mRNA.2	Dpy-30.HG1.20:like:DPY30:likeclu:21		Dpy-30	Dpy-30
Smoe_EFJ34737	Dpy-30.HG1.20:like:DPY30:likeclu:21		Dpy-30	Dpy-30
Ppat_Pp3c7_5650V3.4	Dpy-30.HG1.20:like:DPY30:likeclu:21		Dpy-30	Dpy-30
Esil_CBJ30734	Dpy-30.HG1.20:like:DPY30:likeclu:21		Dpy-30	Dpy-30
Coka_g9573.t1	Dpy-30.HG1.20:like:DPY30:likeclu:21		Dpy-30	Dpy-30
Ngru_EFC42268	Dpy-30.HG1.20:like:DPY30:likeclu:21		Dpy-30	Dpy-30
Phatri_Phatr3_J50120.p1	Dpy-30.HG1.20:like:DPY30:likeclu:21		Dpy-30	Dpy-30
Aano_EGB06433	Dpy-30.HG1.20:like:DPY30:likeclu:21		Dpy-30	Dpy-30
Gthe_EKX33530	Dpy-30.HG1.20:like:DPY30:likeclu:21		Dpy-30	Dpy-30
Chrtob_KOO33451.1	Dpy-30.HG1.20:like:DPY30:likeclu:21		Dpy-30	Dpy-30
Ttra_KNC46155	Dpy-30.HG1.20:like:DPY30:likeclu:21		Dpy-30	Dpy-30
Crei_PNW82441	Dpy-30.HG1.20:like:DPY30:likeclu:21		Dpy-30	Dpy-30
Ptet_CAK58275	Dpy-30.HG1.20:like:DPY30:likeclu:21		Dpy-30	Dpy-30
Alblai_CCA24508	Dpy-30.HG1.20:like:DPY30:likeclu:21		Dpy-30	Dpy-30
Ptet_CAK74932	Dpy-30.HG1.20:like:DPY30:likeclu:21		Dpy-30	Dpy-30
Plamic_ANCSI_00824.mRNA.1	Dpy-30.HG1.20:like:DPY30:likeclu:21		Dpy-30	Dpy-30
Glam_EDO81800	Dpy-30.HG1.20:like:DPY30:likeclu:21		Dpy-30	Dpy-30
Styinc_Gene5682_m5682	Dpy-30.HG1.20:like:DPY30:likeclu:21		Dpy-30	Dpy-30
Amobb2_AMBB2_07288.mRNA.2	Dpy-30.HG1.20:like:DPY30:likeclu:21		Dpy-30	Dpy-30
Marpol_PTQ32601	Dpy-30.HG1.20:like:DPY30:likeclu:21		Dpy-30	Dpy-30
Smoe_EFJ24739	Dpy-30.HG1.20:like:DPY30:likeclu:21		Dpy-30	Dpy-30
Sappar_KDO21735	Dpy-30.HG1.20:like:DPY30:likeclu:21		Dpy-30	Dpy-30
Maljak_MALJA_10743.mRNA.1	Dpy-30.HG1.20:like:DPY30:likeclu:21		Dpy-30	Dpy-30
Smoe_EFJ31915	Dpy-30.HG1.20:like:DPY30:likeclu:21		Dpy-30	Dpy-30
Sros_EGD78753	Dpy-30.HG1.20:like:DPY30:likeclu:21		Dpy-30	Dpy-30
Chabra_GBG77724	Dpy-30.HG1.20:like:DPY30:likeclu:21		Dpy-30	Dpy-30
Ppat_Pp3c23_6140V3.1	Dpy-30.HG1.20:like:DPY30:likeclu:21		Dpy-30	Dpy-30
Plafun_PRP82269	Dpy-30.HG1.20:like:DPY30:likeclu:21		Dpy-30	Dpy-30
Jakbah_JAKBA_05604.mRNA.1	Dpy-30.HG1.20:like:DPY30:likeclu:21		Dpy-30	Dpy-30
Phakir_PHAKIR_13712.mRNA.1	Dpy-30.HG1.20:like:DPY30:likeclu:21		Dpy-30	Dpy-30
Schagg_62344	Dpy-30.HG1.20:like:DPY30:likeclu:21		Dpy-30	Dpy-30
Caulen_g7721.t1	Dpy-30.HG1.20:like:DPY30:likeclu:21		Dpy-30	Dpy-30
Notgen_g21086.t1	Dpy-30.HG1.20:like:DPY30:likeclu:21		Dpy-30	Ank_2 Dpy-30
Sarc_Sarc4_g9387T	Dpy-30.HG1.20:like:DPY30:likeclu:21		Dpy-30	Dpy-30
Cpar_Cpar_evm1s1058	Dpy-30.HG1.20:like:DPY30:likeclu:21		Dpy-30	Dpy-30
Bodsal_CUG88975.1	Dpy-30.HG1.20:like:DPY30:likeclu:21		Dpy-30	Dpy-30
Ngad_EWM26597	Dpy-30.HG1.20:like:DPY30:likeclu:21		Dpy-30	Dpy-30
Cfra_CFRG4780T1	Dpy-30.HG1.20:like:DPY30:likeclu:21		Dpy-30	Dpy-30
Tpse_EED91047	Dpy-30.HG1.20:like:DPY30:likeclu:21		Dpy-30	Dpy-30
Notgen_g21080.t1	Dpy-30.HG1.20:like:DPY30:likeclu:21		Dpy-30	Ank_2 Dpy-30
Honfer_GBG28240	Dpy-30.HG1.20:like:DPY30:likeclu:21		Dpy-30	Dpy-30
Bnat_JGI_V11_140956	Dpy-30.HG1.20:like:DPY30:likeclu:21		Dpy-30	Dpy-30
Aurlim_59191	Dpy-30.HG1.20:like:DPY30:likeclu:21		Dpy-30	Dpy-30
Hydvul_Sc4wPfr_29.g30001.t1	Dpy-30.HG1.21:DPY30	DPY30	Dpy-30	Dpy-30
Ctel_CapteP155367	Dpy-30.HG1.21:DPY30	DPY30	Dpy-30	Dpy-30
Linana_g4953.t1	Dpy-30.HG1.21:DPY30	DPY30	Dpy-30	Dpy-30
Adig_XP_015766265.1	Dpy-30.HG1.21:DPY30	DPY30	Dpy-30	Dpy-30
Cscu_XP_023239186.1	Dpy-30.HG1.21:DPY30	DPY30	Dpy-30	Dpy-30
Auraur_scaffold1361.g1.t1	Dpy-30.HG1.21:DPY30	DPY30	Dpy-30	Dpy-30
Nk52_evm107s226	Dpy-30.HG1.21:DPY30	islike:DPY30	Dpy-30	Dpy-30
Amac_KNE59992	Dpy-30.HG1.21:DPY30	islike:DPY30	Dpy-30	Dpy-30
Ptyfla_pfl_40v0_9_20150316_1g23195.t1	Dpy-30.HG1.21:DPY30	DPY30	Dpy-30	Dpy-30
Crei_PNW80088	Dpy-30.HG1.21:DPY30	DPY30	Dpy-30	ADK ADK IQ IQ IQ IQ Guanylate_kin Dpy-30
Spur_XP_030855432.1	Dpy-30.HG1.21:DPY30	DPY30	Dpy-30	Dpy-30
Cang_ORZ32846	Dpy-30.HG1.21:DPY30	islike:DPY30	Dpy-30	Dpy-30
Carmem_b3064.p2	Dpy-30.HG1.21:DPY30	islike:DPY30	Dpy-30	Dpy-30
Bden_EGF76594	Dpy-30.HG1.21:DPY30	islike:DPY30	Dpy-30	Dpy-30
Dmel_FBpp0073137	Dpy-30.HG1.21:DPY30	DPY30	Dpy-30	Dpy-30
Lcom_lcpid107139	Dpy-30.HG1.21:DPY30	islike:DPY30	Dpy-30	Dpy-30
Skow_XP_002738020.1	Dpy-30.HG1.21:DPY30	DPY30	Dpy-30	Dpy-30
Carmem_b653.p2	Dpy-30.HG1.21:DPY30	islike:DPY30	Dpy-30	Dpy-30
Bralan_BL01325_evm0	Dpy-30.HG1.21:DPY30	DPY30	Dpy-30	Dpy-30
Apla_XP_022086059.1	Dpy-30.HG1.21:DPY30	DPY30	Dpy-30	Dpy-30
Lpol_XP_013790174.1	Dpy-30.HG1.21:DPY30	DPY30	Dpy-30	Dpy-30
Morelo_OAQ26919	Dpy-30.HG1.21:DPY30	islike:DPY30	Dpy-30	Dpy-30
Tcas_XP_008192102.1	Dpy-30.HG1.21:DPY30	DPY30	Dpy-30	Dpy-30
Notgen_g4693.t1	Dpy-30.HG1.21:DPY30	DPY30	Dpy-30	Dpy-30
Drer_ENSDARP00000017331.5	Dpy-30.HG1.21:DPY30	DPY30	Dpy-30	Dpy-30
Scil_scpid105038	Dpy-30.HG1.21:DPY30	islike:DPY30	Dpy-30	Dpy-30
Gpro_KXS10071	Dpy-30.HG1.21:DPY30	DPY30	Dpy-30	Dpy-30
Mbre_EDQ86706	Dpy-30.HG1.21:DPY30	DPY30	Dpy-30	UQ_con Dpy-30 Lectin_C TNFR_c6
Exapal_XP_020891965.1	Dpy-30.HG1.21:DPY30	DPY30	Dpy-30	Dpy-30
Spun_KNC96597	Dpy-30.HG1.21:DPY30	islike:DPY30	Dpy-30	Dpy-30
Cgig_EKC32072	Dpy-30.HG1.21:DPY30	DPY30	Dpy-30	Dpy-30
Carmem_b4845.p1	Dpy-30.HG1.21:DPY30	islike:DPY30	Dpy-30	Dpy-30
Tadh_P57103	Dpy-30.HG1.21:DPY30	DPY30	Dpy-30	Dpy-30
Tetwil_Twilhelma_g1518.t1	Dpy-30.HG1.21:DPY30	DPY30	Dpy-30	Dpy-30
Amac_KNE55344	Dpy-30.HG1.21:DPY30	islike:DPY30	Dpy-30	Dpy-30
Rall_EPZ32565	Dpy-30.HG1.21:DPY30	islike:DPY30	Dpy-30	Dpy-30
Nvec_NVE6947	Dpy-30.HG1.21:DPY30	DPY30	Dpy-30	Dpy-30
Lpol_XP_013787754.1	Dpy-30.HG1.21:DPY30	DPY30	Dpy-30	Dpy-30
Spis_XP_022801610_1	Dpy-30.HG1.21:DPY30	DPY30	Dpy-30	Dpy-30
Lgig_LotgiP118956	Dpy-30.HG1.21:DPY30	DPY30	Dpy-30	Dpy-30
Carmem_b6612.p2	Dpy-30.HG1.21:DPY30	islike:DPY30	Dpy-30	Dpy-30
Phoaus_g194.t1	Dpy-30.HG1.21:DPY30	DPY30	Dpy-30	Dpy-30
Mlei_ML1182_g5_t1	Dpy-30.HG1.21:DPY30	DPY30	Dpy-30	Dpy-30
Morvir_scaffold797.g3.t1	Dpy-30.HG1.21:DPY30	DPY30	Dpy-30	Dpy-30
Aque_Aqu2.1.16005_001	Dpy-30.HG1.21:DPY30	DPY30	Dpy-30	Dpy-30
Lcom_lcpid227039	Dpy-30.HG1.21:DPY30	DPY30	Dpy-30	Dpy-30
Hsap_ENSP00000295066.3	Dpy-30.HG1.21:DPY30	DPY30	Dpy-30	Dpy-30
Dmel_FBpp0079701	Dpy-30.HG1.21:DPY30	DPY30	Dpy-30	Dpy-30
Carmem_b6599.p2	Dpy-30.HG1.21:DPY30	islike:DPY30	Dpy-30	Dpy-30
Sman_Smp_098740.1_pep	Dpy-30.HG1.21:DPY30	islike:DPY30	Dpy-30	Dpy-30
Clyhem_TCONS_00037341-protein	Dpy-30.HG1.21:DPY30	DPY30	Dpy-30	Dpy-30
Honfer_GBG30039	Dpy-30.HG1.22:like:DYDC1/DYDC2:likeclu:1		Dpy-30	Dpy-30
Gthe_EKX42141	Dpy-30.HG1.23:like:NME5:likeclu:7		Dpy-30	Dpy-30
Tvag_XP_001300090.1	Dpy-30.HG1.24:like:AK7:likeclu:19		Dpy-30	Dpy-30
Sman_Smp_026440.1_pep	Dpy-30.HG1.25:like:DPY30:likeclu:21		Dpy-30	Dpy-30
Oxytri_EJY74398	Dpy-30.HG2.0:NA		Dpy-30	Dpy-30 Pkinase
Oxytri_EJY73668	Dpy-30.HG2.0:NA		Dpy-30	Dpy-30
Oxytri_EJY71431	Dpy-30.HG2.0:NA		Dpy-30	Dpy-30
Oxytri_EJY67754	Dpy-30.HG2.0:NA		Dpy-30	Dpy-30 Pkinase
Oxytri_EJY81263	Dpy-30.HG2.0:NA		Dpy-30	Dpy-30 Pkinase
Oxytri_EJY75541	Dpy-30.HG2.0:NA		Dpy-30	Dpy-30 Pkinase
Oxytri_EJY80750	Dpy-30.HG2.0:NA		Dpy-30	Dpy-30
Oxytri_EJY88081	Dpy-30.HG2.0:NA		Dpy-30	Dpy-30 Pkinase
Oxytri_EJY68987	Dpy-30.HG2.0:NA		Dpy-30	Dpy-30 Pkinase
Oxytri_EJY74199	Dpy-30.HG2.0:NA		Dpy-30	Dpy-30 Pkinase
Malcal_MALCA_00812.mRNA.1	Rtt106.HG1.1:SSRP1	islike:SSRP1	Rtt106	Rtt106 WD40 Dpy-30
